peptide,binding_TCR,label
KLVALGINAV,CASSPADPFSNTQYF,1
KLVALGINAV,CASSLGRGQFF,1
KLVALGINAV,CASSDSYGYTF,1
KLVALGINAV,CASSYWQGELFF,1
KLVALGINAV,CATAKEGLAYEQFF,1
KLVALGINAV,CASSSPHRDSYSPLHF,1
KLVALGINAV,CASSSQGETYEQYF,1
KLVALGINAV,CASSFEGQETQYF,1
KLVALGINAV,CASSSRHEGEDTEAFF,1
KLVALGINAV,CASSWSASYEQYF,1
KLVALGINAV,CASSLGEKLFF,1
KLVALGINAV,CAISSDRTDEQYF,1
KLVALGINAV,CASSMGGEQYF,1
KLVALGINAV,CASSQGSYEQYF,1
KLVALGINAV,CASTQGSTDTQYF,1
KLVALGINAV,CASSDDRGPYEQYF,1
KLVALGINAV,CATSIDRGREKLFF,1
KLVALGINAV,CASSEGDTEAFF,1
KLVALGINAV,CATSRDRGTDTFF,1
KLVALGINAV,CASSVEGGGAKETQYF,1
KLVALGINAV,CASSVELAGTYEQYF,1
KLVALGINAV,CASSSPGASTYEQYF,1
KLVALGINAV,CASSLGGDIQYF,1
KLVALGINAV,CASSIAGSAYEQYF,1
KLVALGINAV,CASSPYPRGGTGELFF,1
KLVALGINAV,CASTGGLGYTF,1
KLVALGINAV,CASSLVDSGLYEQYF,1
KLVALGINAV,CASSRGDTEAFF,1
KLVALGINAV,CASSGLAGGPFGMETQYF,1
KLVALGINAV,CASSYGSYEQYF,1
KLVALGINAV,CASSVAIWRGSYNEQFF,1
KLVALGINAV,CASDSNTEAFF,1
KLVALGINAV,CASSRGGGTEAFF,1
KLVALGINAV,CASSIGLNQPQHF,1
KLVALGINAV,CASREDGASGSPDTQYF,1
KLVALGINAV,CASSMGANEQFF,1
KLVALGINAV,CASSYQSGNTEAFF,1
KLVALGINAV,CASRRGSAELYF,1
KLVALGINAV,CASSWGGGEQYF,1
KLVALGINAV,CASSDGGKDGYTF,1
KLVALGINAV,CASSSGGGQPQHF,1
KLVALGINAV,CSAIDFPMGNEQFF,1
KLVALGINAV,CASSLGSGTQYF,1
KLVALGINAV,ASRRGPYEQY,1
KLVALGINAV,CASSLEREGRGEQFF,1
KLVALGINAV,CASTQSPLAGNEQYF,1
KLVALGINAV,CASSFGGYEQYF,1
KLVALGINAV,CASSYTGELFF,1
KLVALGINAV,CASTNSGNTIYF,1
KLVALGINAV,CASSIGQYEQYF,1
KLVALGINAV,CASSVGGDIGIGYTF,1
KLVALGINAV,CASKMGAEAFF,1
KLVALGINAV,CAWSINSAEAFF,1
KLVALGINAV,CASSIRRIDPYNEQFF,1
KLVALGINAV,CASSIGHNTGELFF,1
KLVALGINAV,CASSVETTDYGYTF,1
KLVALGINAV,CASSYAQGNEQFF,1
KLVALGINAV,CASSLEGEQYF,1
KLVALGINAV,ASRRGSLELV,1
KLVALGINAV,CASSLQASGRETQYF,1
KLVALGINAV,CASRRGPYEQYF,1
KLVALGINAV,CASSYRGVEQYF,1
KLVALGINAV,CASSAETQYF,1
KLVALGINAV,CASSYYSGQGNEKLFF,1
KLVALGINAV,CASSIAAGNTIYF,1
KLVALGINAV,CASSYRGSGNTIYF,1
KLVALGINAV,CASSLWSAGVHNEQFF,1
KLVALGINAV,ASRRSAYLQY,1
KLVALGINAV,CASSGYTGELFF,1
KLVALGINAV,CASSPAPSASSYEQYF,1
KLVALGINAV,CATSSGDLSSGANVLTF,1
KLVALGINAV,CSANSRTGLGYTF,1
KLVALGINAV,CASSFGADTQYF,1
KLVALGINAV,CASSMGGNPEQYF,1
KLVALGINAV,CASSQVGQNLYEQYF,1
KLVALGINAV,CAISPGGEQFF,1
KLVALGINAV,CASSAGGDTEAFF,1
KLVALGINAV,CASGAQHTEAFF,1
KLVALGINAV,CASSSSWADTQYF,1
KLVALGINAV,CASSRSLNVNSNQPQHF,1
KLVALGINAV,CASGQGQETQYF,1
KLVALGINAV,CASSFLGTGLNEQYF,1
KLVALGINAV,CASSIALSDNYGYTF,1
KLVALGINAV,CASSSGTSLTLTYNEQFF,1
KLVALGINAV,CASSLAQGQPQHF,1
KLVALGINAV,CASSSGATEAFF,1
KLVALGINAV,CASSVEGIDEKLFF,1
KLVALGINAV,CAISGQAVSTDTQYF,1
KLVALGINAV,CSATSEYTEAFF,1
KLVALGINAV,CASNRGDGYTF,1
KLVALGINAV,CATSRDRGLTEAFF,1
KLVALGINAV,CASSPGGELFF,1
KLVALGINAV,CASSQETQYF,1
KLVALGINAV,CASRRDSSGYTF,1
KLVALGINAV,CASSLEGSYEQYF,1
KLVALGINAV,CASSTGNYGYTF,1
KLVALGINAV,CASTNRQEGQETQYF,1
KLVALGINAV,CASSQVRLNTEAFF,1
KLVALGINAV,CASSYNIAGELFF,1
FPRPWLHGL,CATRDRDRENQPQHF,1
FPRPWLHGL,CASSLWGGPTNEQYF,1
FPRPWLHGL,CASSLYSGPDQPQHF,1
FPRPWLHGL,CASSLWSGASNEQF,1
FPRPWLHGL,CASKLYTGGDQPQHF,1
FPRPWLHGL,CASSLWGGDFSQEQFF,1
FPRPWLHGL,CASSLEGVPVEF,1
FPRPWLHGL,CASRGTGESPLHF,1
FPRPWLHGL,CASSIKGYNELF,1
FPRPWLHGL,CASSLYSGAEQPQHF,1
FPRPWLHGL,CASSHLDSGLAVDTEAFF,1
FPRPWLHGL,CASSLWGGASNEQYF,1
FPRPWLHGL,CSVAGTGMTDTQYF,1
FPRPWLHGL,CTSSIKGYNEQF,1
FPRPWLHGL,CAGSEGRDQETQYF,1
FPRPWLHGL,CASSLWAGETEAFF,1
FPRPWLHGL,CASSLFSGASQTQYF,1
FPRPWLHGL,CSARTYAGGTDTQYF,1
FPRPWLHGL,CASSLWGGSSNEQFF,1
FPRPWLHGL,CASSLYSGADQPQHF,1
FPRPWLHGL,CASSLERSSEQYF,1
FPRPWLHGL,CASSLFGSPEQPQHF,1
FPRPWLHGL,CASSIKGYNERF,1
FPRPWLHGL,CASSLYSGGGQPQHF,1
FPRPWLHGL,CASSQDRGPDTQYF,1
FPRPWLHGL,CASSQDHGGGTEAF,1
FPRPWLHGL,CASSLYSGLDQPQHF,1
FPRPWLHGL,CASSVFGGPDQPQHF,1
FPRPWLHGL,CASSLFSGGEETQYF,1
FPRPWLHGL,CASSLWGGDFSQERF,1
FPRPWLHGL,CASSLYGSPDQPQHF,1
FPRPWLHGL,CSVEDSLVNEQF,1
FPRPWLHGL,CASSLEAPTDTQYF,1
FPRPWLHGL,CASSLFSGPSQTQYF,1
FPRPWLHGL,CASSLWSGRADTQYF,1
FPRPWLHGL,CASSLYSGGDKEQYF,1
FPRPWLHGL,CASSLWSGIADTQYF,1
FPRPWLHGL,CASSLYGGGEQPQHF,1
FPRPWLHGL,CASSQGQSSYEQYF,1
FPRPWLHGL,CASSLWGGDFSQEQF,1
FPRPWLHGL,CASSLYTGSDQPQHF,1
FPRPWLHGL,CASSIKGYNEQFF,1
FPRPWLHGL,CASSFRQGLGHTGELF,1
FPRPWLHGL,CASSLWGGIADTQYF,1
FPRPWLHGL,CASSPARGTDTQYF,1
FPRPWLHGL,CASSLWAGGSNEQFF,1
FPRPWLHGL,CAGSLWSGIADTQYF,1
FPRPWLHGL,CASSHLDSGLAVDTEAF,1
FPRPWLHGL,CASSQDRREQYF,1
FPRPWLHGL,CASSLYSGGDQPQHF,1
FPRPWLHGL,CASSLYLAPNEKLF,1
FPRPWLHGL,CASSLFGSPGQPQHF,1
FPRPWLHGL,CASSLWGGSSNEQF,1
FPRPWLHGL,CASSLWAGGPETQYF,1
FPRPWLHGL,CASSSVDRSSYEQYF,1
FPRPWLHGL,CASSLWPGASNEQF,1
FPRPWLHGL,CASSLYGGPEQPQHF,1
FPRPWLHGL,CASSLWSGASNEQFF,1
FPRPWLHGL,CASSLWAGPSNEQF,1
FPRPWLHGL,CASQLYSGGDQPQHF,1
FPRPWLHGL,CASSLWDQETQYF,1
FPRPWLHGL,CANSLYTGSDQPQHF,1
FPRPWLHGL,CASSFRQGLGHTGELFF,1
FPRPWLHGL,CASSLWGGGDREQYF,1
FPRPWLHGL,CASSLFSGGDQPQHF,1
FPRPWLHGL,CASSIQTGNSPLHF,1
FPRPWLHGL,CASSLYGGGDQPQHF,1
FPRPWLHGL,CASRSGRTNEKLF,1
FPRPWLHGL,CATSRDRETGGDYGYTF,1
FPRPWLHGL,CSAGDWANNEQF,1
FPRPWLHGL,CASSPISDRSGNTIYF,1
FPRPWLHGL,CASSLWAGGSNEQF,1
FPRPWLHGL,CANSIKGYNEQF,1
FPRPWLHGL,CASSIQTVNSPLHF,1
FPRPWLHGL,CSGGGYGSGTYEQYF,1
FPRPWLHGL,CASSIKGYNEQF,1
FPRPWLHGL,CASSKDRGTDTQYF,1
FPRPWLHGL,CVSSLFGSPEQPQHF,1
FPRPWLHGL,CSARGGQLQETQYF,1
FPRPWLHGL,CASSLWSGVGDGYTF,1
FPRPWLHGL,CASSLYAGPDQPQHF,1
FPRPWLHGL,CASSQEGGPAEQF,1
FPRPWLHGL,CASSSVDRNSYEQYF,1
FPRPWLHGL,CASSQDMKGGSFTGELF,1
FPRPWLHGL,CASSLWSGGADTQYF,1
FPRPWLHGL,CASSLWGGGFSQEQF,1
FPRPWLHGL,CASSLWAGETEAF,1
FPRPWLHGL,CASSLYSGYDQPQHF,1
FPRPWLHGL,CTSSEGRDQETQYF,1
FPRPWLHGL,CASSEGRDQETQYF,1
FPRPWLHGL,CASSFYPTDEQF,1
FPRPWLHGL,CASSLWAGVSDTQYF,1
FPRPWLHGL,CASSLYHSPTDQPQHF,1
FPRPWLHGL,CASSLYTGGDQPQHF,1
FPRPWLHGL,CASRLYSGGDKEQYF,1
FPRPWLHGL,CASSLYGRGDQPQHF,1
IPSINVHHY,CASSPALDAQYF,1
IPSINVHHY,CASSRENSNQPQHF,1
IPSINVHHY,CASTPGTGPNEKLFF,1
IPSINVHHY,CASILERGSSYNEQFF,1
IPSINVHHY,CASSLDPAGQGYEQYF,1
IPSINVHHY,ASSLEGGYYNEQF,1
IPSINVHHY,CASNAGTGNEQYF,1
IPSINVHHY,CSVMRTDFQYF,1
IPSINVHHY,CASSHTGAEAF,1
IPSINVHHY,CASSTGSAPNEKLFF,1
IPSINVHHY,CASSADSNGELFF,1
IPSINVHHY,CASSAETGPNEKLFF,1
IPSINVHHY,CASNGQGARDGYTF,1
IPSINVHHY,CASSPSHGPNEKLFF,1
IPSINVHHY,CASSPDLGSTEAFF,1
IPSINVHHY,CASSLPSGPNEKLFF,1
IPSINVHHY,CATSTGETPNEKLFF,1
IPSINVHHY,CASSLTGSEAF,1
IPSINVHHY,CASSPSSGPNEKLFF,1
IPSINVHHY,CSVEGSEDYGYTF,1
IPSINVHHY,CASSLALDEAFF,1
IPSINVHHY,CASSQGLAEWDEQFF,1
IPSINVHHY,CASSYSTGQLQHF,1
IPSINVHHY,CASSLTGTEAF,1
IPSINVHHY,CAISETTRGDSPLHF,1
IPSINVHHY,CSAQPGQENIQYF,1
IPSINVHHY,CASSSQTGPNEKLFF,1
IPSINVHHY,CASSPGTGPNEKLFF,1
IPSINVHHY,CASSYATAYEQYF,1
IPSINVHHY,CASSYSTAGELF,1
IPSINVHHY,CASSFGSGLAGGNFYNEQFF,1
IPSINVHHY,CASSPDLGSTEAF,1
IPSINVHHY,CASTSGTGPNEKLFF,1
IPSINVHHY,CASSGTGTEAF,1
IPSINVHHY,CASSSGTAPNEKLFF,1
IPSINVHHY,CSVVTFYYEQYF,1
IPSINVHHY,CAISVAARGEQFF,1
IPSINVHHY,CASSLEGGYYNEQFF,1
IPSINVHHY,CAISGRGDTEAFF,1
IPSINVHHY,CASSPTTAPNEKLFF,1
IPSINVHHY,CASSLVASQETQYF,1
IPSINVHHY,CASSPTGGELF,1
IPSINVHHY,CASSLTDGDQPQHF,1
IPSINVHHY,CASSHTGAEAFF,1
IPSINVHHY,CSVESGRTDEQYF,1
IPSINVHHY,CASSSSSAPNEKLFF,1
IPSINVHHY,CATSDRTGRHEQYF,1
IPSINVHHY,CASSPPANPNEKLFF,1
IPSINVHHY,CASSKTGTEAF,1
IPSINVHHY,CASSPGTEQF,1
IPSINVHHY,CASSADSNGELFFG,1
IPSINVHHY,CASSVEAEGFGAPISPPEAFF,1
IPSINVHHY,CASSLDLGSTEAF,1
IPSINVHHY,CSATGGGEQYF,1
IPSINVHHY,CASSLDLGSTEAFF,1
IPSINVHHY,CASGRTGSEAFF,1
IPSINVHHY,CASSLGAGTFKTNEKLFF,1
IPSINVHHY,CASSPPTAPNEKLFF,1
IPSINVHHY,CASSASDSPNEKLFF,1
IPSINVHHY,CASSDGTGPNEKLFF,1
IPSINVHHY,CASTPQTAPNEKLFF,1
IPSINVHHY,CASSLELGLAEAFF,1
IPSINVHHY,CASSPGTEPNEKLFF,1
IPSINVHHY,CSVMRTDFDQYF,1
IPSINVHHY,CASSLALDEQF,1
IPSINVHHY,CASSRELSMGETQYF,1
IPSINVHHY,CASNAGTGTDTQYF,1
IPSINVHHY,CASSAGTGPNEKLFF,1
IPSINVHHY,CASSPTTAYEQYF,1
IPSINVHHY,CASSSGTGPNEKLFF,1
IPSINVHHY,CASSLSTAPNEKLFF,1
IPSINVHHY,CASSLFTDNRDGYTF,1
IPSINVHHY,CASTTSGGPNEKLFF,1
IPSINVHHY,CSVEWLNNEQFF,1
IPSINVHHY,CASSLFTDRRDGYTF,1
IPSINVHHY,CASSPAGGPNEKLFF,1
IPSINVHHY,CASSSGGVYEQYF,1
IPSINVHHY,CSVMRGEHDEQYF,1
IPSINVHHY,CASSLASTPNEKLFF,1
IPSINVHHY,CASSYTGSEAF,1
IPSINVHHY,CASNPGTGADEQYF,1
IPSINVHHY,CASSPGTAPNEKLFF,1
IPSINVHHY,CASSYPFGGAWDEQFF,1
IPSINVHHY,CASSPSREPNEKLFF,1
IPSINVHHY,CSVEEGVLYEQYF,1
IPSINVHHY,CASSLELAMGETQYF,1
IPSINVHHY,CASSLSTSPNEKLFF,1
IPSINVHHY,CASSYDWHEQFF,1
IPSINVHHY,CASKGQGARDGYTF,1
IPSINVHHY,CASNPGTGTDTQYF,1
RYPLTFGWCF,CASSESTGGRDNNQPQHF,1
RYPLTFGWCF,CASSLESLGLASVDEQF,1
RYPLTFGWCF,ASSSWDTGELF,1
RYPLTFGWCF,CASSPTAGIYEQYF,1
RYPLTFGWCF,CASKGTVTGELFF,1
RYPLTFGWCF,CASTSF,1
RYPLTFGWCF,CASSLVSGRGNEQFF,1
RYPLTFGWCF,CASSQRDRGTDTEAF,1
RYPLTFGWCF,CASSPGSGELGAGELFF,1
RYPLTFGWCF,CASTSFGQGTNEQF,1
RYPLTFGWCF,CASSQTSGGTYEQYF,1
RYPLTFGWCF,CARRTSGRETQYF,1
RYPLTFGWCF,CASSEGFGQGGIEQF,1
RYPLTFGWCF,CASSDVGQGSSNYGYTF,1
RYPLTFGWCF,CATSRASGGTYEQYF,1
RYPLTFGWCF,CASSLELSTGELF,1
RYPLTFGWCF,CASSYDRSYEQYF,1
RYPLTFGWCF,CASSLRPGRANTGELF,1
RYPLTFGWCF,CASSLMKAGDGYGYTF,1
RYPLTFGWCF,CASSSLGQGAPEAFF,1
RYPLTFGWCF,CASSLRDRVPETQYF,1
RYPLTFGWCF,CASSDIGRGVHEQF,1
RYPLTFGWCF,CASRIDGSSYNEQF,1
RYPLTFGWCF,CASSQSPGQGVGEQF,1
RYPLTFGWCF,CAWGNPGLNTGELF,1
RYPLTFGWCF,CASSSWDTGELF,1
RYPLTFGWCF,CASSRTSGGSYEQYF,1
RYPLTFGWCF,CASSPPGLNTQYF,1
RYPLTFGWCF,CASSSEVLAEAF,1
RYPLTFGWCF,CASSETGGTYEQYF,1
RYPLTFGWCF,CASSIDPPGLADNEQF,1
RYPLTFGWCF,CASKGTVTGELF,1
RYPLTFGWCF,CASSPTSGGTYEQYF,1
RYPLTFGWCF,CASSDIGQGAIEQYF,1
RYPLTFGWCF,CASSLVSGRGNEQF,1
RYPLTFGWCF,AWSVSVGAGVPTIY,1
RYPLTFGWCF,CASSPSTGKGNQPQHF,1
RYPLTFGWCF,CASSPQKGIYEQYF,1
RYPLTFGWCF,CASSFGSNLYEQYF,1
RYPLTFGWCF,CASSHTTGLYEQYF,1
RYPLTFGWCF,ASSPTSGIYEQY,1
RYPLTFGWCF,CASSLESLGLASVDEQFF,1
RYPLTFGWCF,CASSQRDRGTDTEAFF,1
RYPLTFGWCF,CASSLMGLAGVPGELF,1
RYPLTFGWCF,CASSGTGIYEQYF,1
RYPLTFGWCF,CASSSDTGTGGLINGYF,1
RYPLTFGWCF,CASLPSVGKGAYEQYF,1
RYPLTFGWCF,CASSLSTGRGTYEQYF,1
RYPLTFGWCF,CASGRTSGIYEQYF,1
RYPLTFGWCF,CASSLVEGTGWEQF,1
RYPLTFGWCF,CASSQLSGGTYEQYF,1
RYPLTFGWCF,CASSLEQFTDEQYF,1
RYPLTFGWCF,CASSQSPGQGVGEQFF,1
RYPLTFGWCF,ASSGASHEQY,1
RYPLTFGWCF,CASSLRPGRANTGELFF,1
RYPLTFGWCF,CASSAPRETQYF,1
RYPLTFGWCF,CASSYSHRLGLHEQYF,1
RYPLTFGWCF,CASSEGF,1
RYPLTFGWCF,CASSTGAGTGTPTLF,1
RYPLTFGWCF,CATSDPDREVEETQYF,1
RYPLTFGWCF,CASSLGGGGTDTQF,1
RYPLTFGWCF,CASSPTQGIYEQYF,1
RYPLTFGWCF,CASSSPGQGYGYTF,1
RYPLTFGWCF,CASSDFGQGDEAF,1
RYPLTFGWCF,CASSFRPGLAVTGELF,1
RYPLTFGWCF,CASSLEISTGELF,1
RYPLTFGWCF,CASSQLAGVYEQF,1
RYPLTFGWCF,CASSQRDSQETQYF,1
RYPLTFGWCF,CASSPGQGIYEQYF,1
RYPLTFGWCF,CASSSLGQGAPEAF,1
RYPLTFGWCF,CAWSVSVGAGVPTIYF,1
RYPLTFGWCF,CASSYSIGTGVNNYGYTF,1
RYPLTFGWCF,CASSQGWFAASVQPQHF,1
RYPLTFGWCF,CASSPVAGVYEQYF,1
RYPLTFGWCF,CASSASGQQPYEQYF,1
RYPLTFGWCF,CASSTALRTGNYGYTF,1
RYPLTFGWCF,CATWDMSSYNSPLHF,1
RYPLTFGWCF,CASSISAGEGVPEQYF,1
RYPLTFGWCF,CASSQSRQGAQPQHF,1
RYPLTFGWCF,CASSTGGEQF,1
RYPLTFGWCF,CASSDFSKGTDTQYF,1
RYPLTFGWCF,CASSDAQTGTVLNYGYTF,1
RYPLTFGWCF,CASTTSNEQF,1
RYPLTFGWCF,CASSIDPPGLADNEQFF,1
RYPLTFGWCF,CASSPGSGELGAGELF,1
RYPLTFGWCF,CASSSYYRSGNTIYF,1
RYPLTFGWCF,CASSYDRGYEQYF,1
RYPLTFGWCF,CASSLGRDRPTPYEQYF,1
RYPLTFGWCF,CASSLRDSVPETQYF,1
RYPLTFGWCF,CASSSWDTGELFF,1
FLKEKGGL,CASGVLREAFF,1
FLKEKGGL,CASSSNPGTSGGYSYEQYF,1
FLKEKGGL,CASSLNLRGSSGNTIYF,1
FLKEKGGL,CASSQWGLPTDTQYF,1
FLKEKGGL,CSAHLYRAYGYTF,1
FLKEKGGL,CASSLGQGRSLGHEQYF,1
FLKEKGGL,CASSYLAGQGAPYSNQPQHF,1
FLKEKGGL,CASSALASLNEQF,1
FLKEKGGL,CASSLGQGLANYGYTF,1
FLKEKGGL,CASRGGSGELF,1
FLKEKGGL,CASSFEAGQGFF,1
FLKEKGGL,CASTVARDGGELFF,1
FLKEKGGL,CSATILAGVPYGEQYF,1
FLKEKGGL,CASSYERGGLPKNIQYF,1
FLKEKGGL,CASSFHPGQGASYSNQPQHF,1
FLKEKGGL,CASSEYGAAVYEQYF,1
FLKEKGGL,CASSLRGTGELFF,1
FLKEKGGL,CASSIFGSPFNQPQHF,1
FLKEKGGL,CASSFEPGQGFYSNQPQHF,1
FLKEKGGL,CSARDSGRGIENYEQYF,1
FLKEKGGL,CASSFEAGQGFFSNQPQHF,1
FLKEKGGL,CASSLELAGEDYEQYF,1
FLKEKGGL,CASSVGAGTEAFF,1
FLKEKGGL,CASSEPALAEQYYEQYF,1
FLKEKGGL,CASTRPGQGTYNEFQF,1
FLKEKGGL,CASSFLPGQGSYYSNQPQHF,1
FLKEKGGL,CSVWGTGKTYEQYF,1
FLKEKGGL,CASSFDREVTGELFF,1
FLKEKGGL,CASKWDPGQGSHYSNQPQHF,1
FLKEKGGL,CASSLDHQAGHEQYF,1
FLKEKGGL,CASRVGQGVVGELFF,1
FLKEKGGL,CASRTGGAYNEQFF,1
FLKEKGGL,CASSYGLNTEAFF,1
FLKEKGGL,CASSPNSGRVTGELFF,1
FLKEKGGL,CASSPIEGLAKNIQYF,1
FLKEKGGL,CASSEFPAGVYEQFF,1
FLKEKGGL,CASSLGDLYTGELFF,1
FLKEKGGL,CSVEPSGRARTYNEQFF,1
FLKEKGGL,CASSFIPGQGTHYSNQPQHF,1
FLKEKGGL,CASSALASLNEQFF,1
FLKEKGGL,CASKEELSNTGELF,1
FLKEKGGL,CSARDRGRALNEQFF,1
FLKEKGGL,CSVGDQGGSEQYF,1
FLKEKGGL,CASSLGQGLVLSGYTF,1
FLKEKGGL,CASSHSPGTSGSPGVTQYF,1
FLKEKGGL,CASSLLAGLTDTQYF,1
FLKEKGGL,CASSLAPGTSGSPYNEQFF,1
FLKEKGGL,CATKGTGLYNEQFF,1
FLKEKGGL,CASSELGARVYEQYF,1
FLKEKGGL,CASSLLGQYNEQFF,1
FLKEKGGL,CASSSLGGGRGINSPLHF,1
FLKEKGGL,CSARPMAASGLTYEQYF,1
FLKEKGGL,CASSQGQGIALYGYTF,1
FLKEKGGL,CASSYLPGQGDHYSNQPQHF,1
FLKEKGGL,CASRDFPSGGSYEQYF,1
FLKEKGGL,CAIRPFLGQDDNYGYTF,1
FLKEKGGL,CASSMGQHSNQPQHF,1
FLKEKGGL,CASRYLRGEGAHPSNTEAFF,1
FLKEKGGL,CASSYQTGTGTYGYTF,1
FLKEKGGL,CASSVLAGLGNEQFF,1
FLKEKGGL,CASTYTGGAGGELFF,1
FLKEKGGL,CASSLLDRVREDTQYF,1
FLKEKGGL,CASSTLASGRYEQYF,1
FLKEKGGL,CASSQEWSYEQYF,1
FLKEKGGL,CASSLRGTGELF,1
FLKEKGGL,CASSFTPGTGAPYSNQPQHF,1
FLKEKGGL,CASSWGQGQLSYEQYF,1
FLKEKGGL,CSASSQRGGIYEQYF,1
FLKEKGGL,CASSQEMNRVVGNEQF,1
FLKEKGGL,CSVEGGSAYEQYF,1
FLKEKGGL,CASSELGATIYEQYF,1
FLKEKGGL,CASSDSGAGTPNGYTF,1
FLKEKGGL,CASSQEMNRVVGNEQFF,1
FLKEKGGL,CSVWGEGRSYEQYF,1
FLKEKGGL,CASSESSREVSYNSPLHF,1
FLKEKGGL,CASSEFGQGFYEQYF,1
FLKEKGGL,CASSFLHPSTEAFF,1
FLKEKGGL,CSARDVVDGNTGELFF,1
FLKEKGGL,CASSWGIGSQQETQYF,1
FLKEKGGL,CAWDVKDRRIGNEQFF,1
FLKEKGGL,CASSELAGLGTEAFF,1
FLKEKGGL,CASSLMESVWVEQFF,1
FLKEKGGL,CASSESPGTSGSPLENQFF,1
FLKEKGGL,CASSVLRAAFF,1
FLKEKGGL,CASSYEPGQVSHYSNQPQHF,1
FLKEKGGL,CSARDHLRANEKLFF,1
CTELKLSDY,CATSREWPANRHQETQYF,1
CTELKLSDY,CASSPMTGDGTQYF,1
CTELKLSDY,CASSLEAAPGRYGYTF,1
CTELKLSDY,CATKPPGTDEQFF,1
CTELKLSDY,CASSLAGGTGETQYF,1
CTELKLSDY,CSAEIADYEQYF,1
CTELKLSDY,CASSLTGTGSYNEQFF,1
CTELKLSDY,CASSERGDTDLYGYTF,1
CTELKLSDY,CASSEDRLARTEAFF,1
CTELKLSDY,CATSDRDRDTGELFF,1
CTELKLSDY,CASSVRADTQYF,1
CTELKLSDY,CASSDSSFGVGLGNEQFF,1
CTELKLSDY,CASSWTSGRPEQYF,1
CTELKLSDY,CASSPGLAGVYEQYF,1
CTELKLSDY,CASSVGAGPSYEQYF,1
CTELKLSDY,CASSVGRDSSGNQPQHF,1
CTELKLSDY,CATSRDLSFGYGYTF,1
CTELKLSDY,CASIDSGAATDTQYF,1
CTELKLSDY,CASSVESSGSPYQFF,1
CTELKLSDY,CASSLGRQGPSTDTQYF,1
CTELKLSDY,CAWSALAGGPSNEQFF,1
CTELKLSDY,CAISESNGADTQYF,1
CTELKLSDY,CSARRADTEAFF,1
CTELKLSDY,CSARGTSGETYTQYF,1
CTELKLSDY,CASSFRQGSDTGELFF,1
CTELKLSDY,CASSFEGLLSTDTQYF,1
CTELKLSDY,CASSQGRASSGNTIYF,1
CTELKLSDY,CASTSVMTDSIYGYTF,1
CTELKLSDY,CAYLTGFEQYF,1
CTELKLSDY,CSAREHREPYEQYF,1
CTELKLSDY,CASSLDSPPGVTEAFF,1
CTELKLSDY,CASSSSGYEQYF,1
CTELKLSDY,CASSQEGEAHNEQFF,1
CTELKLSDY,CASSYGTIYEQYF,1
CTELKLSDY,CATSDFNHGYTF,1
CTELKLSDY,CAWSPTSGRDTQYF,1
CTELKLSDY,CASSYSAWNEQFF,1
CTELKLSDY,CASRLGESSYNEQFF,1
CTELKLSDY,CASTRQGDSYEQYF,1
CTELKLSDY,CSVDQDTQYF,1
CTELKLSDY,CATVGGIDQPQHF,1
CTELKLSDY,CATSREQNNSPLHF,1
CTELKLSDY,CASSFGRLSGANVLTF,1
CTELKLSDY,CASSLPGANVLTF,1
CTELKLSDY,CASSAGTGKTQYF,1
CTELKLSDY,CASSYSGDEKLFF,1
CTELKLSDY,CASSSTSGRARDTQYF,1
CTELKLSDY,CASRSGGANEQFF,1
CTELKLSDY,CAISESQGPGGETQYF,1
CTELKLSDY,CASSINRASEAFF,1
CTELKLSDY,CASSVGRGSGEQYF,1
CTELKLSDY,CASSFGGRAGDTDTQYF,1
CTELKLSDY,CAISVGVDEQFF,1
CTELKLSDY,CASSIVKLAGGTYEQYF,1
CTELKLSDY,CASSQEDGFTEAFF,1
CTELKLSDY,CASSGASYEQYF,1
CTELKLSDY,CASNPPGLAATGELFF,1
CTELKLSDY,CASSDSPGVGYNEQFF,1
CTELKLSDY,CASSVSSGLYYEQYF,1
CTELKLSDY,CASSHLQGSEKLFF,1
CTELKLSDY,CASRPLSGGAPDTQYF,1
CTELKLSDY,CASSPGTDYTGELFF,1
CTELKLSDY,CASSVGAGPTYEQYF,1
CTELKLSDY,CASSLEPQDTQYF,1
CTELKLSDY,CASSSGGPRAEQFF,1
CTELKLSDY,CASSYSSSSYNEQFF,1
CTELKLSDY,CASSQGEGQFF,1
CTELKLSDY,CASSESGSPSYYEQYF,1
CTELKLSDY,CASTGGNEQFF,1
CTELKLSDY,CASSLTGFKETQYF,1
CTELKLSDY,CASSHLLAAYNEQFF,1
CTELKLSDY,CATSRERWGEYEQYF,1
CTELKLSDY,CASSLERSRRPYEAFF,1
CTELKLSDY,CASSRTGEHQPQHF,1
CTELKLSDY,CASSFLTGELFF,1
CTELKLSDY,CASSLALRQESREQYF,1
CTELKLSDY,CASSFSVRDMGTEAFF,1
CTELKLSDY,CSARMVSYEQYF,1
CTELKLSDY,CASSYLGTSAPIDEQFF,1
CTELKLSDY,CASSEGENQPQHF,1
CTELKLSDY,CASSLWASGKWSTDTQYF,1
CTELKLSDY,CASSRGTYNEQFF,1
SPRWYFYYL,CASSEGQDNYGYTF,1
SPRWYFYYL,CASSERDSPGNVLTF,1
SPRWYFYYL,CASSQGGAIQYF,1
SPRWYFYYL,CASSSLTGSSGELFF,1
SPRWYFYYL,CASSERASPGNVLTF,1
SPRWYFYYL,CASKALVGTAEAKNIQYF,1
SPRWYFYYL,CAWSPITSNYGYTF,1
SPRWYFYYL,CASSPLAGHPSTKNIQYF,1
SPRWYFYYL,CASSQNRNRALNTEAFF,1
SPRWYFYYL,CASSSITGDRVRKETQYF,1
SPRWYFYYL,CASSLEAGRSPYEQYF,1
SPRWYFYYL,CASSRFPTGSNNEQF,1
SPRWYFYYL,CASAPLVGAPEAKNIQYF,1
SPRWYFYYL,CASSTLGTADKLNYGYTF,1
SPRWYFYYL,CASSSKPGGDYNEQFF,1
SPRWYFYYL,CASSPLAGGEEKKETQYF,1
SPRWYFYYL,CATSDLPGKAGYTF,1
SPRWYFYYL,CASSLKTGGSTEAFF,1
SPRWYFYYL,CASRGGGTEAFF,1
SPRWYFYYL,CASSSLTGQSQETQYF,1
SPRWYFYYL,CASSLALLAGAGGELFF,1
SPRWYFYYL,CASSYLPGGAKTEAFF,1
SPRWYFYYL,CASSPRETANSGANVLTF,1
SPRWYFYYL,CSARAYRESAQYF,1
SPRWYFYYL,CSATDRAASYNSPLHF,1
SPRWYFYYL,CSVDALLGAYTQYF,1
SPRWYFYYL,CASSERTGGSTEAFF,1
SPRWYFYYL,CSARGGFRSGGGTDEQFF,1
SPRWYFYYL,CATSDLTQDEQYF,1
SPRWYFYYL,CASSPLTSNYGYTF,1
SPRWYFYYL,CASSVGSGLQYYEQYF,1
SPRWYFYYL,CASSQRGLAGAPSYNEQFF,1
SPRWYFYYL,CASSEKPLSSYNEQFF,1
SPRWYFYYL,CASSLPPREQYF,1
SPRWYFYYL,CASSFLTGPKGDYTF,1
SPRWYFYYL,CASSSLTSGAYNEQFF,1
SPRWYFYYL,CASRAKVGAANEQFF,1
SPRWYFYYL,CASRPLTGGDQPQHF,1
SPRWYFYYL,CSARGGDSAYEQYF,1
SPRWYFYYL,CASRQLAGFYEQYF,1
SPRWYFYYL,CSVVPLMGGYEQYF,1
SPRWYFYYL,CASSPLAGVPLAAKNIQYF,1
SPRWYFYYL,CASSHLVGSAIAKNIQYF,1
SPRWYFYYL,CASSFTSGGARRKETQYF,1
SPRWYFYYL,CASSQDGLSETQYF,1
SPRWYFYYL,CASRAITGSGQPQHF,1
SPRWYFYYL,CASSLGVFTGAGNQPQHF,1
SPRWYFYYL,CSVVPLAGPYEQYF,1
SPRWYFYYL,CASSEGLAGTNTGELFF,1
SPRWYFYYL,CASSLGQGHFTF,1
SPRWYFYYL,CASSVLPASGAGRNEQFF,1
SPRWYFYYL,CASSPLVGSALAKNIQYF,1
SPRWYFYYL,CASSIFSASGSVTDTQYF,1
SPRWYFYYL,CASSSLTSGGARYTQYF,1
SPRWYFYYL,CASSSKQGPGELFF,1
SPRWYFYYL,CASSDLRTANTEAFF,1
SPRWYFYYL,CASRPLAGGQDKETQYF,1
SPRWYFYYL,CSAGTRDKYYEQYF,1
SPRWYFYYL,CASSVSGGAYNEQFF,1
SPRWYFYYL,CASSQGGSSSEKLFF,1
SPRWYFYYL,CASSYLAGGYNEQFF,1
SPRWYFYYL,CASSALAGGPPEGKNIQYF,1
SPRWYFYYL,CASSLETGRNIQYF,1
SPRWYFYYL,CASSELPGPPGEQYF,1
SPRWYFYYL,CASSLFAGAQGNQPQHF,1
SPRWYFYYL,CASSQDQGGAEAFF,1
SPRWYFYYL,CASSWGGRGGYEQYF,1
SPRWYFYYL,CASSPLTGTGSDKETQYF,1
SPRWYFYYL,CASSYFQSSGGGYTF,1
SPRWYFYYL,CATSTGGQPQHF,1
SPRWYFYYL,CASSQDAGTAHVGEQFF,1
SPRWYFYYL,CASRRLTGGQQPQHF,1
SPRWYFYYL,CASNPLAGEFTAKNIQYF,1
SPRWYFYYL,CASSDRPLGPNTEAFF,1
RPRGEVRFL,CAISDPSGSSYNEQF,1
RPRGEVRFL,CSALRDNYNSPLHF,1
RPRGEVRFL,ASSLGGLGDTQY,1
RPRGEVRFL,ATRIGWGTDTQY,1
RPRGEVRFL,ASSDSYRGSYNEQF,1
RPRGEVRFL,ASREWGGTDTQY,1
RPRGEVRFL,CASRLIGGGTEAF,1
RPRGEVRFL,CASRLQGINEKLFF,1
RPRGEVRFL,CASRPQGANEKLF,1
RPRGEVRFL,AISDPGDTQY,1
RPRGEVRFL,CASRPQGRDQPQHF,1
RPRGEVRFL,ASSVQALLAGDWADTQY,1
RPRGEVRFL,CAISDPSGSSYNEQFF,1
RPRGEVRFL,CASSVWGTDTQYF,1
RPRGEVRFL,CASRPQGREETQYF,1
RPRGEVRFL,CASSLASWGNEKLFF,1
RPRGEVRFL,ASRVQGRDNEQF,1
RPRGEVRFL,CAISDPGDTQYF,1
RPRGEVRFL,ASSLASWGNEKLF,1
RPRGEVRFL,CASSQEVAGATGELF,1
RPRGEVRFL,CASRRQGRDNEQF,1
RPRGEVRFL,CATSEAASSWTGELFF,1
RPRGEVRFL,CASRLQGINEKLF,1
RPRGEVRFL,CASSVIGATYEQYF,1
RPRGEVRFL,CAWTETGLSGNTIYF,1
RPRGEVRFL,CASRKTGGGEAFF,1
RPRGEVRFL,ASRRQGRDNEQF,1
RPRGEVRFL,CASSLGGLGDTQYF,1
RPRGEVRFL,ASSSTPLSTDTQY,1
RPRGEVRFL,ASRLQGINEKLF,1
RPRGEVRFL,AISDPSGSSYNEQF,1
RPRGEVRFL,ASRPQGREETQY,1
RPRGEVRFL,CASSLHLGGVTDTQYF,1
RPRGEVRFL,ASRLTGEKQETQY,1
RPRGEVRFL,CASRIWGGADTQYF,1
RPRGEVRFL,CASRPQGRDNEQFF,1
RPRGEVRFL,CASRPQGRDNEQF,1
RPRGEVRFL,ASSPYQTGLDGYT,1
RPRGEVRFL,CASSSTPLSTDTQYF,1
RPRGEVRFL,CASSTDSVDEQFF,1
RPRGEVRFL,SALRDNYNSPLH,1
RPRGEVRFL,ASRPQGRDNEQF,1
RPRGEVRFL,CASSPYQTGLDGYTF,1
RPRGEVRFL,CATRIGWGTDTQYF,1
RPRGEVRFL,CASSDSYRGSYNEQF,1
RPRGEVRFL,CASRMQGRDNEQFF,1
RPRGEVRFL,ATSEAASSWTGELF,1
RPRGEVRFL,ASRPQGANEKLF,1
RPRGEVRFL,CASSTDSVDEQF,1
RPRGEVRFL,CASRKTGGGTEAF,1
RPRGEVRFL,CASRLIGGGTEAFF,1
RPRGEVRFL,CASREWGGTDTQYF,1
RPRGEVRFL,ASRPQGRDQPQH,1
RPRGEVRFL,AWTETGLSGNTIY,1
RPRGEVRFL,CASRLTGEKQETQYF,1
RPRGEVRFL,ASSTDSVDEQF,1
RPRGEVRFL,CASRPQGANEKLFF,1
RPRGEVRFL,CASRRQGRDNEQFF,1
RPRGEVRFL,ASRKTGGGEAF,1
RPRGEVRFL,ASRIWGGADTQY,1
RPRGEVRFL,CASRVQGRDNEQF,1
RPRGEVRFL,ASSVWGTDTQY,1
RPRGEVRFL,CASRMQGRDNEQF,1
RPRGEVRFL,CATSEAASSWTGELF,1
RPRGEVRFL,CASRKTGGGEAF,1
RPRGEVRFL,ASRMQGRDNEQF,1
RPRGEVRFL,ASSVIGATYEQY,1
RPRGEVRFL,CASSVQALLAGDWADTQYF,1
RPRGEVRFL,CASSEWTVDGYTF,1
RPRGEVRFL,ASRLIGGGTEAF,1
RPRGEVRFL,ASSQEVAGATGEL,1
RPRGEVRFL,ASSEWTVDGYT,1
NLNCCSVPV,CASSPSTGYGYTF,1
NLNCCSVPV,CASSIVGQGYEQYF,1
NLNCCSVPV,CSAREGLAAGELFF,1
NLNCCSVPV,CASSPGDGTEAFF,1
NLNCCSVPV,CAWIRTGGYGYTF,1
NLNCCSVPV,CASSYGGISYGYTF,1
NLNCCSVPV,CAIMSSGRADGELFF,1
NLNCCSVPV,CASSYGGAYEQYF,1
NLNCCSVPV,CASTLAGGPYEQYF,1
NLNCCSVPV,CASSQVPGGYEQYF,1
NLNCCSVPV,CASTIALGYEQYF,1
NLNCCSVPV,CASSYGGEQPQHF,1
NLNCCSVPV,CASSQVSGGSYEQYF,1
NLNCCSVPV,CASSQEPSGFYEQYF,1
NLNCCSVPV,CASSLGEDYEQYF,1
NLNCCSVPV,CASSPGQGIDSPLHF,1
NLNCCSVPV,CASSLGISYEQYF,1
NLNCCSVPV,CASSYGQGYEQYF,1
NLNCCSVPV,CASSYSSGYFLFF,1
NLNCCSVPV,CSVQGPYNEQFF,1
NLNCCSVPV,CASSQQGSEQYF,1
NLNCCSVPV,CASSEGGYTEAFF,1
NLNCCSVPV,CASSRGGHEQYF,1
NLNCCSVPV,CASSQVTGYEQYF,1
NLNCCSVPV,CSARVTSGSYEQYF,1
NLNCCSVPV,CASSLDYNEQFF,1
NLNCCSVPV,CSAGVYEQYF,1
NLNCCSVPV,CASSQAGGYEQYF,1
NLNCCSVPV,CSVEGPGGRIANTEAFF,1
NLNCCSVPV,CSVTQGDGTDTQYF,1
NLNCCSVPV,CASSWTGAGYEQYF,1
NLNCCSVPV,CASSYSDRSSYEQYF,1
NLNCCSVPV,CSPGDGYTF,1
NLNCCSVPV,CASSFGQGYEQYF,1
NLNCCSVPV,CSARDLGGGGDEQFF,1
NLNCCSVPV,CASSWDNGGYTF,1
NLNCCSVPV,CASSYSSRVNYEQYF,1
NLNCCSVPV,CSSVTEAFF,1
NLNCCSVPV,CASSFLGDEQFF,1
NLNCCSVPV,CASSIVDGYEQYF,1
NLNCCSVPV,CASSANQGYEQYF,1
NLNCCSVPV,CASSYASGGYEQYF,1
NLNCCSVPV,CASSVAAGGAYEQYF,1
NLNCCSVPV,CASSYSLAAEAFF,1
NLNCCSVPV,CASSVWDSLTGELFF,1
NLNCCSVPV,CSALGLAGGQGGELFF,1
NLNCCSVPV,CASSEWGIEAFF,1
NLNCCSVPV,CSARASGAYEQYF,1
NLNCCSVPV,CASSYGGGYEQYF,1
NLNCCSVPV,CASSLWAGETQYF,1
NLNCCSVPV,CSAPGGSGANVLTF,1
NLNCCSVPV,CASSQVEGYEQYF,1
NLNCCSVPV,CASSPGQGLAYEQYF,1
NLNCCSVPV,CASSYSNGGYGYTF,1
NLNCCSVPV,CASSQDRDSGYYEQYF,1
NLNCCSVPV,CASSQDPLLEGYSYNEQFF,1
NLNCCSVPV,CSARTDRGNNYGYTF,1
NLNCCSVPV,CASSVSQGGYEQYF,1
NLNCCSVPV,CASNPGPTYGYTF,1
NLNCCSVPV,CASSPGGGYEQYF,1
NLNCCSVPV,CASNQGLYEQYF,1
NLNCCSVPV,CASSSGGGNEQFF,1
NLNCCSVPV,CSVRTPSSYEQYF,1
NLNCCSVPV,CASSYSGGYEQYF,1
NLNCCSVPV,CASSVGEGTEAFF,1
NLNCCSVPV,CASSDPNDYEQYF,1
NLNCCSVPV,CASSPSGGSYGYTF,1
NLNCCSVPV,CASSISTSGYEQFF,1
NLNCCSVPV,CASSYSVKGQDYSYEQYF,1
NLNCCSVPV,CASSPYSNQPQHF,1
YSEHPTFTSQY,CASSPDRGLNNEQF,1
YSEHPTFTSQY,CASSSTLAGGPYEQF,1
YSEHPTFTSQY,CATSSPGLASDEQFF,1
YSEHPTFTSQY,CATSSPMGSTDTQYF,1
YSEHPTFTSQY,CASTRADTGELF,1
YSEHPTFTSQY,CASTRADTGELFF,1
YSEHPTFTSQY,CATSLLVRDNEQF,1
YSEHPTFTSQY,CATSGPSASYEQYF,1
YSEHPTFTSQY,CSVGTGEDGEQYF,1
YSEHPTFTSQY,CSVEPLWSPEAF,1
YSEHPTFTSQY,CASSVVGDEQYF,1
YSEHPTFTSQY,CASSPGLGAEAF,1
YSEHPTFTSQY,CASSSQRESSDTQYF,1
YSEHPTFTSQY,CASSLGQLYGYTF,1
YSEHPTFTSQY,CASTSWGLQGPTGELF,1
YSEHPTFTSQY,CAISESGSPEQYF,1
YSEHPTFTSQY,CASSPVGPWDEKLF,1
YSEHPTFTSQY,CSAPDRDTEAF,1
YSEHPTFTSQY,CASSTGDHSNQPQHF,1
YSEHPTFTSQY,CASMGLPGYEQF,1
YSEHPTFTSQY,CASSGGSSDTQYF,1
YSEHPTFTSQY,CASSLEGDMDSEQYF,1
YSEHPTFTSQY,CATAQNRLQETQYF,1
YSEHPTFTSQY,CATSRPTSGSDEQF,1
YSEHPTFTSQY,CSVEDLRNYGYTF,1
YSEHPTFTSQY,CSVTGTSYEQYF,1
YSEHPTFTSQY,CASSSPRLAGGPSGTGELF,1
YSEHPTFTSQY,CATSRPTSGSDEQFF,1
YSEHPTFTSQY,CASSEPSTANEQF,1
YSEHPTFTSQY,CSVVGRYYEQYF,1
YSEHPTFTSQY,CASSQVLRVLSYNEQF,1
YSEHPTFTSQY,CASSVVGDEQYFG,1
YSEHPTFTSQY,CASSLGVDFNYGYTF,1
YSEHPTFTSQY,CSVEGLAGTGELFF,1
YSEHPTFTSQY,CASSQWERDPQYF,1
YSEHPTFTSQY,CSAEDTSGITDTQYF,1
YSEHPTFTSQY,CSVPTVNTEAF,1
YSEHPTFTSQY,CATSSRDTSSDEQFF,1
YSEHPTFTSQY,CASSLSGGLWSYEQYF,1
YSEHPTFTSQY,CSVGEGANYGYTF,1
YSEHPTFTSQY,CATSRPLDSTDTQYF,1
YSEHPTFTSQY,CASSVF,1
YSEHPTFTSQY,CATSSRDTSSDEQF,1
YSEHPTFTSQY,CSVWGETQYF,1
YSEHPTFTSQY,CASSQVLGVLSSYEQYF,1
YSEHPTFTSQY,CASSSPLLSSDTQYF,1
YSEHPTFTSQY,CATSSPGLASDEQF,1
YSEHPTFTSQY,CAISEPTSGRDTQYF,1
YSEHPTFTSQY,CSGVVGRGAYNEQF,1
YSEHPTFTSQY,CSVEGLAGTGELF,1
YSEHPTFTSQY,CSAPGWDTEAF,1
YSEHPTFTSQY,CASSYSPPIPGQGIDEQYF,1
YSEHPTFTSQY,CASSPGLGAEAFF,1
YSEHPTFTSQY,CASSLLRDSPTDTQYF,1
YSEHPTFTSQY,CAISGPGGPTGELF,1
YSEHPTFTSQY,CASSLFLAGGYEQYF,1
YSEHPTFTSQY,CSVTGGTYEQYF,1
YSEHPTFTSQY,CASSPGSWGSTDTQYF,1
YSEHPTFTSQY,CSADIQGAIGETQYF,1
YSEHPTFTSQY,CASSVTGGTDTQYF,1
YSEHPTFTSQY,CAISEPGTSTDTQYF,1
YSEHPTFTSQY,CASSSPRESTDTQYF,1
YSEHPTFTSQY,CASSQVLRVLSYNEQFF,1
YSEHPTFTSQY,CATSSPQGASDEQYF,1
HPKVSSEVHI,CASGAAMNTEAFF,1
HPKVSSEVHI,CASGLAVPVDGYTF,1
HPKVSSEVHI,CASSLGPTVQGNYGYTF,1
HPKVSSEVHI,CASSFTRQSPYNEQF,1
HPKVSSEVHI,CASSQENRQGRYEQYF,1
HPKVSSEVHI,CSATNRDRGLEQYF,1
HPKVSSEVHI,CSAADRASGIEQYF,1
HPKVSSEVHI,CASSLGPVEAFF,1
HPKVSSEVHI,CASSLGPLTGLGPEAF,1
HPKVSSEVHI,CSATDRDGGLEQYF,1
HPKVSSEVHI,CSATSRQGGLEQYF,1
HPKVSSEVHI,CASSFTRQSPYNEQFF,1
HPKVSSEVHI,CASNPVFAAGGETQYF,1
HPKVSSEVHI,CSATSRDRALEQYF,1
HPKVSSEVHI,CASSQDRTSGNTIYF,1
HPKVSSEVHI,CASSLGADQPQHF,1
HPKVSSEVHI,CASSLGPTVPGNTIYF,1
HPKVSSEVHI,CASSLGPVEAF,1
HPKVSSEVHI,CASSRGNTIYF,1
HPKVSSEVHI,CSARGGTSIFYTF,1
HPKVSSEVHI,CSATSRDGDNEQF,1
HPKVSSEVHI,CASRRDRDMNTEAF,1
HPKVSSEVHI,CSATARQGGMEQYF,1
HPKVSSEVHI,CASRGGPLTEAF,1
HPKVSSEVHI,CSATSRASAIEQYF,1
HPKVSSEVHI,CASRPPDTGELF,1
HPKVSSEVHI,CSATRRDRGLEQYF,1
HPKVSSEVHI,CASSLGPLTGLGPEAFF,1
HPKVSSEVHI,CSATGRESGIEQYF,1
HPKVSSEVHI,CASSQEGWDGRYEQYF,1
HPKVSSEVHI,CSATHRDRGLEQYF,1
HPKVSSEVHI,CSATSRDRGLEQYF,1
HPKVSSEVHI,CASRGGPLTEAFF,1
HPKVSSEVHI,CASRGADTGELFF,1
HPKVSSEVHI,CASTLDRLAF,1
HPKVSSEVHI,CASSTTTGNTEAF,1
HPKVSSEVHI,CGASRTSGEETQYF,1
HPKVSSEVHI,CASSLGPTVPGNAIYF,1
HPKVSSEVHI,CASSLGPAIPGNTIYF,1
HPKVSSEVHI,CSATSRRGGREQYF,1
HPKVSSEVHI,CASSSTRQSPYNEQF,1
HPKVSSEVHI,CSATSRQGGREQYF,1
HPKVSSEVHI,CASSSFRDGGTDTQYF,1
HPKVSSEVHI,CSATSRAGDNEQF,1
HPKVSSEVHI,CASGAAMNTEAF,1
HPKVSSEVHI,CASSLGPRYEQYF,1
HPKVSSEVHI,CASSFDKGYEQYF,1
HPKVSSEVHI,CASRRGSTYNEQF,1
HPKVSSEVHI,CSATSRDSALEQYF,1
HPKVSSEVHI,CASGLGPLTGLGPEAF,1
HPKVSSEVHI,CASSLGPAAGYTF,1
HPKVSSEVHI,CASSLSRTGFYEQYF,1
HPKVSSEVHI,CASRGADTGELF,1
HPKVSSEVHI,CASRSPDTGELF,1
HPKVSSEVHI,CSARRFPEAF,1
HPKVSSEVHI,GASRTSGEETQYF,1
HPKVSSEVHI,CASSSTWGTGELF,1
HPKVSSEVHI,CSATSRDGDNEQFF,1
HPKVSSEVHI,CASSLAGQGNGYTF,1
HPKVSSEVHI,CSATDRDGGPEQYF,1
HPKVSSEVHI,CSATDRASGIEQYF,1
HPKVSSEVHI,CASRPPDTGELFF,1
HPKVSSEVHI,CATRGRGSEETQYF,1
HPKVSSEVHI,CASRRGSTYNEQFF,1
LLFGYPVYV,CASSAGASIEQYF,1
LLFGYPVYV,CASSLTIGGAQFF,1
LLFGYPVYV,CASSQWGSGVYEQYF,1
LLFGYPVYV,CATRKSYNSPLHF,1
LLFGYPVYV,CASSLPDTQYF,1
LLFGYPVYV,CASRPGLAGAQPEQYF,1
LLFGYPVYV,CASSPWGSPSYEQYF,1
LLFGYPVYV,CAAFQGAQKLVF,1
LLFGYPVYV,CASSRYLDTEQYF,1
LLFGYPVYV,CASSVPGAGEETQYF,1
LLFGYPVYV,CASSFPYQGDTEAFF,1
LLFGYPVYV,CASSKPSVMNTEAFF,1
LLFGYPVYV,CASQDFLSSGAYNEQFF,1
LLFGYPVYV,CASSRPGLAGRNEQFF,1
LLFGYPVYV,CASRPGLAGGRPEQYF,1
LLFGYPVYV,CASSTERGEAYEQYF,1
LLFGYPVYV,CASSQEFWVLGELFF,1
LLFGYPVYV,CASSQRLGPEQGGTGELFF,1
LLFGYPVYV,ASRPGLMGGRPEQY,1
LLFGYPVYV,CASSRKTGANEQFF,1
LLFGYPVYV,CSASNRESYEQYF,1
LLFGYPVYV,CASRPGLMSARPEQYF,1
LLFGYPVYV,CASRPGLMSGRPEQYF,1
LLFGYPVYV,CASSDLGGVGKNIQYF,1
LLFGYPVYV,CASSSEYRSGANVLTF,1
LLFGYPVYV,ASRPGLASGRPEQY,1
LLFGYPVYV,CASSQVLYNEQFF,1
LLFGYPVYV,CASLLLLNNEQFF,1
LLFGYPVYV,CASSIGSGEAFF,1
LLFGYPVYV,CATSEKLAVSTDTQYF,1
LLFGYPVYV,CASSKPGLGGTGELFF,1
LLFGYPVYV,CATRGGEGQPQHF,1
LLFGYPVYV,CASSERDRGYEQYF,1
LLFGYPVYV,CASSLGLADPNNEQFF,1
LLFGYPVYV,CASSYPGGGFYEQYF,1
LLFGYPVYV,CASRPGLMSAQPEQYF,1
LLFGYPVYV,CASSFMTDTQYF,1
LLFGYPVYV,CSASKRLLNEQFF,1
LLFGYPVYV,CASSQERLSFGTKNIQYF,1
LLFGYPVYV,ASRPGLMSARPEQY,1
LLFGYPVYV,CASSLGDRNTEAFF,1
LLFGYPVYV,ASRPGLMSAQPEQY,1
LLFGYPVYV,ASRPGLASAEPEQY,1
LLFGYPVYV,CASQLGQGVHGYGYTF,1
LLFGYPVYV,CASSYPGQGEHEQYF,1
LLFGYPVYV,ASRPGLAGGRPEQY,1
LLFGYPVYV,CASSPRQVNYNEQFF,1
LLFGYPVYV,CASSAGLFPEQFF,1
LLFGYPVYV,CASSLGTLAKNIQYF,1
LLFGYPVYV,CSAEWDRAYNEQFF,1
LLFGYPVYV,CASSTPGQGAYEQYF,1
LLFGYPVYV,ASRPGLMSAEPEQY,1
LLFGYPVYV,CASSLTGGDTQYF,1
LLFGYPVYV,CASSARLGQPQHF,1
LLFGYPVYV,CAISEPGTGDTEAFF,1
LLFGYPVYV,CSARDGGLAGEQKVGDTQYF,1
LLFGYPVYV,CSARESPGQGIFSPLHF,1
LLFGYPVYV,ASSYPGGGFYEQY,1
LLFGYPVYV,CASSSPGQGNYEQYF,1
LLFGYPVYV,CASSFHEREMNNEQFF,1
LLFGYPVYV,CASLGLEYEQYF,1
LLFGYPVYV,CASNPGLAGGPHEQYF,1
GTSGSPIVNR,CASSLHGTSKLNEQFF,1
GTSGSPIVNR,CASSLTAGTQETQYF,1
GTSGSPIVNR,CASSIGVETQYF,1
GTSGSPIVNR,CASSLGVPEAFF,1
GTSGSPIVNR,CASSLGQGDFEQYF,1
GTSGSPIVNR,CASSPSWGRNQPQHF,1
GTSGSPIVNR,CASSWGSYEQFF,1
GTSGSPIVNR,CASSLGQGSYEQY,1
GTSGSPIVNR,CASSYGTEQPQHF,1
GTSGSPIVNR,CASSLGAPEAFF,1
GTSGSPIVNR,CASTTGGGGYEQY,1
GTSGSPIVNR,CASSLGQGTYEQYF,1
GTSGSPIVNR,CASSPGVEKLFF,1
GTSGSPIVNR,CASTTGGGGYEQYF,1
GTSGSPIVNR,CASSLGPEAPLFF,1
GTSGSPIVNR,CASSWGAAEAFF,1
GTSGSPIVNR,CASSLGYQGYEQFF,1
GTSGSPIVNR,CASSPGTDEAFF,1
GTSGSPIVNR,CATGTGGGGYTF,1
GTSGSPIVNR,CASLSGRAPQHF,1
GTSGSPIVNR,CASSLGSAEAFF,1
GTSGSPIVNR,CASSFGGASYEQYF,1
GTSGSPIVNR,CASSLVIPTGWRDNEQFF,1
GTSGSPIVNR,CASSFGNPEAFF,1
GTSGSPIVNR,CASGLGSYEQYF,1
GTSGSPIVNR,CASSLQPSGTSFYNEQFF,1
GTSGSPIVNR,CASSLGQGLLYGYTF,1
GTSGSPIVNR,CASSFGAGSQETQYF,1
GTSGSPIVNR,CASSSGSYEQYF,1
GTSGSPIVNR,CASSLGPDNEQFF,1
GTSGSPIVNR,CASSLGSYEQYF,1
GTSGSPIVNR,CASSLGQGSYEQYF,1
GTSGSPIVNR,CASSLGQGAYEQYF,1
GTSGSPIVNR,CASSLGGDTYEQYF,1
GTSGSPIVNR,CASSLNSGSAGELFF,1
GTSGSPIVNR,CASSMGQGDYEQYF,1
GTSGSPIVNR,CASRRPREGLANEQFF,1
GTSGSPIVNR,CASSLGQGLLYGYT,1
GTSGSPIVNR,CASNLGTEETQYF,1
GTSGSPIVNR,CASSPTGGGYEQYF,1
GTSGSPIVNR,CASSPAGGTYEQYF,1
GTSGSPIVNR,CASSLGTREAFF,1
GTSGSPIVNR,CASSPGTEHGYTF,1
GTSGSPIVNR,CASSLVGGTPSYNEQFF,1
GTSGSPIVNR,CASSAYQGTGELFF,1
GTSGSPIVNR,CASSLVIIGSASTDTQYF,1
GTSGSPIVNR,CSARDPGEYQETQYF,1
GTSGSPIVNR,CASSPGTLHGYTF,1
GTSGSPIVNR,CASSPGGARAFF,1
GTSGSPIVNR,CASTPGLWNTEAFF,1
GTSGSPIVNR,CASSLGGQTYEQYF,1
GTSGSPIVNR,CASSLFAGGPDTQYF,1
GTSGSPIVNR,CASSLGGTDNEQFF,1
GTSGSPIVNR,CASSLAGGGAYEQYF,1
GTSGSPIVNR,CASSLAGVGNEQFF,1
GTSGSPIVNR,CASTPLWGDQETQYF,1
GTSGSPIVNR,CASSQGGYSNQPQHF,1
GTSGSPIVNR,CASSLGAGVQETQYF,1
GTSGSPIVNR,CASSQGGGNYEQYF,1
GTSGSPIVNR,CASSGGTSFREQFF,1
GTSGSPIVNR,CASSPGTAEAFF,1
GTSGSPIVNR,CASSPPLAGGPYNEQFF,1
NEGVKAAW,CASSIGQGPYEQYF,1
NEGVKAAW,CASGPTAGGTDTQYF,1
NEGVKAAW,CASSPRSGNEQYF,1
NEGVKAAW,CASSIAGRGGYSPLHF,1
NEGVKAAW,CASSFWTGHADTQYF,1
NEGVKAAW,CASSLVQGTYEQYF,1
NEGVKAAW,CSATLNWGFF,1
NEGVKAAW,CASSISGLNTDTQYF,1
NEGVKAAW,CASSVFGELFF,1
NEGVKAAW,CASRQQGGSTEAFF,1
NEGVKAAW,CASSFFGNSYEQYF,1
NEGVKAAW,CASRQRVLASDEQFF,1
NEGVKAAW,CASSLGQLEAFF,1
NEGVKAAW,CASSFAGELFF,1
NEGVKAAW,CASSYYSGGTETQYF,1
NEGVKAAW,CANTSIGSGANVLTF,1
NEGVKAAW,CSASGGALSSYNEQFF,1
NEGVKAAW,CASSLGQLEQYF,1
NEGVKAAW,CASSVVRGVYEQYF,1
NEGVKAAW,CASSIVQGPYNEQFF,1
NEGVKAAW,CASSLGQIEQYF,1
NEGVKAAW,CSVEPSGGSNEQFF,1
NEGVKAAW,CASSLLAGAADTQYF,1
NEGVKAAW,CASSLGPQNTGELFF,1
NEGVKAAW,CASSIFGEQFF,1
NEGVKAAW,CASSLEGGGYEQYF,1
NEGVKAAW,CASSVQLPLGVPYEQYF,1
NEGVKAAW,CASIPTAMNTEAFF,1
NEGVKAAW,CSASRPLGGLSYEQYF,1
NEGVKAAW,CASSSGRSNQPQHF,1
NEGVKAAW,CASSITGTGEAFF,1
NEGVKAAW,CASSPTDSPYGQFF,1
NEGVKAAW,CANSRGGSDNEQFF,1
NEGVKAAW,CASSFTSGSYGSSYNEQFF,1
NEGVKAAW,CASSYRRPSSYNEQFF,1
NEGVKAAW,CASSLAGPGGEQFF,1
NEGVKAAW,CASSLAPGPYSGANVLTF,1
NEGVKAAW,CSVAPGQGKNHSNQPQHF,1
NEGVKAAW,CASSYVRTAEQFF,1
NEGVKAAW,CASSIFGEQYF,1
NEGVKAAW,CASSFTLGGTDTQYF,1
NEGVKAAW,CASSLASRGGAYNEQFF,1
NEGVKAAW,CASSLSAHAGDTQYF,1
NEGVKAAW,CASSIVGEQFF,1
NEGVKAAW,CASSIFGELFF,1
NEGVKAAW,CASSNWDSQETQYF,1
NEGVKAAW,CASHQTGTGSNQPQHF,1
NEGVKAAW,CASSLVIAGLQETQYF,1
NEGVKAAW,CASSVFGEQYF,1
NEGVKAAW,CATRGQGGHTEAFF,1
NEGVKAAW,CASSLMGGAHYGYTF,1
NEGVKAAW,CASSSDRSWTDEAFF,1
NEGVKAAW,CASSIVAGALNEQFF,1
NEGVKAAW,CASSIVTGPYNEQFF,1
NEGVKAAW,CASSKVRRGRADEQFF,1
NEGVKAAW,CASSIVAGSYNEQFF,1
NEGVKAAW,CASSLRGVWTDTQYF,1
NEGVKAAW,CASSTIAGGYNEQFF,1
NEGVKAAW,CASRLQGGNTEAFF,1
NEGVKAAW,CASTERGVLTDTQYF,1
NEGVKAAW,CASSIVSGPYNEQFF,1
NEGVKAAW,CSARGGRDVGELFF,1
TPGPGVRYPL,CASSLSPTEAF,1
TPGPGVRYPL,CASYRSDRPTEAFF,1
TPGPGVRYPL,CASSPRGGGETQYF,1
TPGPGVRYPL,CASSQYRATQETQYF,1
TPGPGVRYPL,CASRKGIQETQYF,1
TPGPGVRYPL,CASSPRETRTDTQYF,1
TPGPGVRYPL,CASSVWGDPSYEQYF,1
TPGPGVRYPL,CASTGSTSGPSRYNEQFF,1
TPGPGVRYPL,CASSYSRTDLKNIQYF,1
TPGPGVRYPL,CASSSPLTSGRLNEQFF,1
TPGPGVRYPL,CATSSPGTSGRHNEQFF,1
TPGPGVRYPL,CASSPRGTRTDTQY,1
TPGPGVRYPL,CASSVVGGGAADTQYF,1
TPGPGVRYPL,CASSQDRATQETQYF,1
TPGPGVRYPL,CASSPRGTRTDTQYF,1
TPGPGVRYPL,CASSPVGRGTEAF,1
TPGPGVRYPL,CASSLASDTQYF,1
TPGPGVRYPL,CATSERGGMETQYF,1
TPGPGVRYPL,CASSYYSGGSSYNEQFF,1
TPGPGVRYPL,CASSVSGGQVTDTQYF,1
TPGPGVRYPL,CASSYYSGGSSYNEQF,1
TPGPGVRYPL,CASSYYSGGTTYNEQF,1
TPGPGVRYPL,CASSPRGGYNEQFF,1
TPGPGVRYPL,CASSQAASGNTIYF,1
TPGPGVRYPL,CASSPLARVDEQFF,1
TPGPGVRYPL,CASSYSRAPKLENIQY,1
TPGPGVRYPL,CSASSRGRVDEQFF,1
TPGPGVRYPL,CASSLSRQGTGELFF,1
TPGPGVRYPL,CASSTFGATQEIQYF,1
TPGPGVRYPL,CSAPEPTSGRWSGELF,1
TPGPGVRYPL,CASMGLVGGTDTQYF,1
TPGPGVRYPL,CASSVAGGQVTDTQYF,1
TPGPGVRYPL,CASSPPIPGTADTIYF,1
TPGPGVRYPL,CSVKLTEFGYTF,1
TPGPGVRYPL,CASSQFTGTQETQYF,1
TPGPGVRYPL,CASRRGFHQPQHF,1
TPGPGVRYPL,CPSSPRGGGETQYF,1
TPGPGVRYPL,CSAPEPTSGRWSGELFF,1
TPGPGVRYPL,CASSQEGRRDTQYF,1
TPGPGVRYPL,CATSDEVAGGRHHEQFF,1
TPGPGVRYPL,CASSTFGATQETQYF,1
TPGPGVRYPL,CASSVGPGQEIHTDTQYF,1
TPGPGVRYPL,CASSESGRGDTQYF,1
TPGPGVRYPL,CATRDRQGRYNEQFF,1
TPGPGVRYPL,CASSPNTIANEQF,1
TPGPGVRYPL,CASSYRVTEAF,1
TPGPGVRYPL,CASYRSDRPTEAF,1
TPGPGVRYPL,CASSLPPGGGVYGYTF,1
TPGPGVRYPL,CASSYSRAPKLENIQYF,1
TPGPGVRYPL,CASRLLGPSTFFYGYTF,1
TPGPGVRYPL,CASSQRGADTEAF,1
TPGPGVRYPL,CASTTAADTQYF,1
TPGPGVRYPL,CATSPRGGAVEQF,1
TPGPGVRYPL,CASRPIGGAQETQYF,1
TPGPGVRYPL,CASSGRDTSTDTQYF,1
TPGPGVRYPL,CASSTPGLAGRHNEQFF,1
TPGPGVRYPL,CSASPRGRYNEQFF,1
TPGPGVRYPL,CASSRQGGQTTDTQYF,1
TPGPGVRYPL,CASSQVGRRDTQYF,1
TPGPGVRYPL,CASSLSRQGTGELF,1
TPGPGVRYPL,CASSPRGGGETQHF,1
TPGPGVRYPL,CASSTGLAGEGRHNEQFF,1
IMNDMPIYM,CASSRRTGGTEAFF,1
IMNDMPIYM,CASSPSRSPYEQYF,1
IMNDMPIYM,CASSFRGPLSNEKLFF,1
IMNDMPIYM,CASSSNRGPEQFF,1
IMNDMPIYM,CALPGVAGITYEQYF,1
IMNDMPIYM,CASSIAGGASYEQYF,1
IMNDMPIYM,CASSQGRGLRNEQFF,1
IMNDMPIYM,CATSGTGYEQYF,1
IMNDMPIYM,CASSSLAGQIDEQFF,1
IMNDMPIYM,CASSARRGNTEAFF,1
IMNDMPIYM,CASSFVGDTQYF,1
IMNDMPIYM,CASSPVGGDTEAFF,1
IMNDMPIYM,CASRDQRDRVKTEAFF,1
IMNDMPIYM,CASSLAGWQGDDYGYTF,1
IMNDMPIYM,CASSPRTDRSGANVLTF,1
IMNDMPIYM,CASSILGSYNEQFF,1
IMNDMPIYM,CASSQWGLLTDTQYF,1
IMNDMPIYM,CASSQVIQTEAFF,1
IMNDMPIYM,CASSLAYSGANVLTF,1
IMNDMPIYM,CASSIGVQLYGYTF,1
IMNDMPIYM,CSARDQSSNQPQHF,1
IMNDMPIYM,CASSPDREWETQYF,1
IMNDMPIYM,CASSLSLTSPRVDEQYF,1
IMNDMPIYM,CASSDSRGSNSPLHF,1
IMNDMPIYM,CASSQSTGVATNEKLFF,1
IMNDMPIYM,CSARTGSSYNSPLHF,1
IMNDMPIYM,CASRGSGNEQFF,1
IMNDMPIYM,CAISPLTSWGTDTQYF,1
IMNDMPIYM,CASRGWTGPVETQYF,1
IMNDMPIYM,CASSSAWTGYEQYF,1
IMNDMPIYM,CASRILAGGIYEQYF,1
IMNDMPIYM,CASSPPNRLDEQFF,1
IMNDMPIYM,CASSFTAYYGYTF,1
IMNDMPIYM,CSALGGQASTDTQYF,1
IMNDMPIYM,CASSTWGLPRETQYF,1
IMNDMPIYM,CASSGAQGYEQYF,1
IMNDMPIYM,CASSSDNTAGELFF,1
IMNDMPIYM,CARRLAGEYNEQFF,1
IMNDMPIYM,CASLWTGETYEQYF,1
IMNDMPIYM,CASSDPRTGFHEQYF,1
IMNDMPIYM,CASSSSTGDTYGYTF,1
IMNDMPIYM,CASSLEGLAGAGWYQETQYF,1
IMNDMPIYM,CASRRGSGMYEQFF,1
IMNDMPIYM,CASTDLSYGYTF,1
IMNDMPIYM,CASSTLTSGTYNEQFF,1
IMNDMPIYM,CASSLGLAGANEQFF,1
IMNDMPIYM,CASTGFRTSGISYNEQFF,1
IMNDMPIYM,CASTLYGNEQFF,1
IMNDMPIYM,CASSWGNTGELFF,1
IMNDMPIYM,CASSGHTQGTYGYTF,1
IMNDMPIYM,CASSSLRTPNSPLHF,1
IMNDMPIYM,CASSSPPAEQFF,1
IMNDMPIYM,CASSPVVGGTGELFF,1
IMNDMPIYM,CASSPHGGGTDTQYF,1
IMNDMPIYM,CASSSAGAKNIQYF,1
CINGVCWTV,CATSTTFQTDYAEPYGYTF,1
CINGVCWTV,CASSLTLGLAGVETQYF,1
CINGVCWTV,CASSSSMESGNTIYF,1
CINGVCWTV,CASSLGTSGGFTDTQYF,1
CINGVCWTV,CASNRENEKLFF,1
CINGVCWTV,CASISSNQPQHF,1
CINGVCWTV,CATSEPAGLAGGNNEQFF,1
CINGVCWTV,CASSLSGGNQETQYF,1
CINGVCWTV,CASSLVENTEAF,1
CINGVCWTV,CASSQEVTVPTYEQYF,1
CINGVCWTV,CASSLSTGAPYEQYF,1
CINGVCWTV,CASSQESGTEAFF,1
CINGVCWTV,CASSQEKGTEAFF,1
CINGVCWTV,ASSLVENTEAF,1
CINGVCWTV,CASSRPVGLFNYGYTF,1
CINGVCWTV,CASSDPLAGGNEQYF,1
CINGVCWTV,CASSPGTSDPANYGYTF,1
CINGVCWTV,ASSSSMESGNTIY,1
CINGVCWTV,ASSDSLVRGYQETQY,1
CINGVCWTV,ASSQGGDRGDPGDGYT,1
CINGVCWTV,CASSQVQTEPSGYTF,1
CINGVCWTV,CASSRFLGSGGAAEQFF,1
CINGVCWTV,CASSLQEWDPNYGYTF,1
CINGVCWTV,CASRLLAGAYEQYF,1
CINGVCWTV,CATSDAPGTGIPYEQYF,1
CINGVCWTV,CASSSGQGNIQYF,1
CINGVCWTV,CASSLGTQTYEQYF,1
CINGVCWTV,CASSVDEGNTGELFF,1
CINGVCWTV,CASSLAGTSTEQFF,1
CINGVCWTV,CSAWTGSATEAFF,1
CINGVCWTV,CASSLEGLVAVETQYF,1
CINGVCWTV,CASSYSAGTLDYGYTF,1
CINGVCWTV,CATSRDPQYQPQHF,1
CINGVCWTV,CASSQGGQGAPYEQYF,1
CINGVCWTV,CASSSLADFYQPQHF,1
CINGVCWTV,CASSSPSGRPTLYNEQFF,1
CINGVCWTV,CASTSQSELFF,1
CINGVCWTV,CATSNLDSFGGYTF,1
CINGVCWTV,CASSLGPPPDNEQFF,1
CINGVCWTV,CASSDSLVRGYQETQYF,1
CINGVCWTV,CASSLTGTGFKQFF,1
CINGVCWTV,CASSQAQSGTAPYEQYF,1
CINGVCWTV,CASSLLGLAGVGELFF,1
CINGVCWTV,CASSLSGTGELFF,1
CINGVCWTV,ASSLQEWDPNYGYT,1
CINGVCWTV,CASTTGSSEKLFF,1
CINGVCWTV,CASSQAENTEAFF,1
CINGVCWTV,CASSEVVTAFSYEQYF,1
CINGVCWTV,CASSLTLAGGIGTDTQYF,1
CINGVCWTV,CASSLGTGAPYEQYF,1
CINGVCWTV,CATSPGQGFYNEQFF,1
RPPIFIRRL,CAGSQDRLTGGYTF,1
RPPIFIRRL,CSVGGAYEQYF,1
RPPIFIRRL,CASSEILGMNTEAFF,1
RPPIFIRRL,CASSQEHERGPQHF,1
RPPIFIRRL,CASSQDIWTSGYTF,1
RPPIFIRRL,CASSQDLFTGGYTF,1
RPPIFIRRL,CASSFRLAVKNEQFF,1
RPPIFIRRL,CASSQDGFSGTYTF,1
RPPIFIRRL,CASSQETGIYTQYF,1
RPPIFIRRL,CASSLEAGVSYEQYF,1
RPPIFIRRL,CASSQEWGRGTDTQYF,1
RPPIFIRRL,CASRTLAGPNTGELFF,1
RPPIFIRRL,CATLAGEGEQFF,1
RPPIFIRRL,CASSLTGGTYEQYF,1
RPPIFIRRL,CASSDHLGGQGNTIYF,1
RPPIFIRRL,CASSLGGGEGGSSYEQYF,1
RPPIFIRRL,CASSLSQGIQNIQYF,1
RPPIFIRRL,CASSASGGAYNEQFF,1
RPPIFIRRL,CASSPTNPAGDTETQYF,1
RPPIFIRRL,CASSQDRGGLTGELFF,1
RPPIFIRRL,CASSQEAGTGTYEQYF,1
RPPIFIRRL,CASRIWTGGDLNTEAFF,1
RPPIFIRRL,CASSQETGSYEQFF,1
RPPIFIRRL,CASSGTHNEQFF,1
RPPIFIRRL,CASSQDRLTGGYTF,1
RPPIFIRRL,CASSLGASTDTQYF,1
RPPIFIRRL,CASSPKAGILETQYF,1
RPPIFIRRL,CASSQETGSYEQYF,1
RPPIFIRRL,CASSISSGVAYEQYF,1
RPPIFIRRL,CATSDPKTDEQYF,1
RPPIFIRRL,CASSQEAYNYEQYF,1
RPPIFIRRL,CASLYRSSTDTQYF,1
RPPIFIRRL,CASSLWGTEAFF,1
RPPIFIRRL,CASSLPSGGTNNEQF,1
RPPIFIRRL,CATATGTGSNTEAFF,1
RPPIFIRRL,CASYWGLAVNEQFF,1
RPPIFIRRL,CASSQETGASGTQYF,1
RPPIFIRRL,CASSLETGSYEQYF,1
RPPIFIRRL,CASSQDRFTDPYGYTF,1
RPPIFIRRL,CASSQDRYTGGYTF,1
RPPIFIRRL,CASISTDSLNTEAFF,1
RPPIFIRRL,CASSQETSLYNEQFF,1
RPPIFIRRL,CASRLGLGDREDEKLFF,1
RPPIFIRRL,CATAPGTGRTLKLIF,1
RPPIFIRRL,CASSQEAFNYEQYF,1
RPPIFIRRL,CASSQETGSASQHF,1
RPPIFIRRL,CASSAAGELETQYF,1
RPPIFIRRL,CSARDQGEWGIKETQYF,1
RPPIFIRRL,CASSQETGIYTIYF,1
RPPIFIRRL,CASSLPSGGTNNEQFF,1
GTSGSPIINR,CASSLGQGYEQYF,1
GTSGSPIINR,CATSDHSTSGRRNEQFF,1
GTSGSPIINR,CASSVWGDPSYEQYF,1
GTSGSPIINR,CASSLFLMGLAGGNEQFF,1
GTSGSPIINR,CASSLGQGDFEQYF,1
GTSGSPIINR,CASSRAGGTASYEQYF,1
GTSGSPIINR,CASSLGQGSYEQY,1
GTSGSPIINR,CASSYGTEQPQHF,1
GTSGSPIINR,CASSDGIQYF,1
GTSGSPIINR,CASSLGAPEAFF,1
GTSGSPIINR,CASSLGGGLQETQYF,1
GTSGSPIINR,CASSVADAGAISSGANVLTF,1
GTSGSPIINR,CASTTGGGGYEQY,1
GTSGSPIINR,CASSLGQGTYEQYF,1
GTSGSPIINR,CASSRGAGEQETQYF,1
GTSGSPIINR,CASSVGGEQFF,1
GTSGSPIINR,CASSGGAAYEQYF,1
GTSGSPIINR,CASSLGPEAPLFF,1
GTSGSPIINR,CASSRGLNYEQYF,1
GTSGSPIINR,CASLSGRAPQHF,1
GTSGSPIINR,CASSGGSGNIQYF,1
GTSGSPIINR,CASSAFSGFQETQYF,1
GTSGSPIINR,CASSLQPSGTSFYNEQFF,1
GTSGSPIINR,CASSLGQGLLYGYTF,1
GTSGSPIINR,CASSFGAGSQETQYF,1
GTSGSPIINR,CASSLSGTDTQYF,1
GTSGSPIINR,CASSLGQGSYEQYF,1
GTSGSPIINR,CASSLYTGSYNEQFF,1
GTSGSPIINR,CASSLGQGAYEQYF,1
GTSGSPIINR,CASSLGGDTYEQYF,1
GTSGSPIINR,CASSMGQGDYEQYF,1
GTSGSPIINR,CASSLGAGDRSYEQYF,1
GTSGSPIINR,CASSLIGGGNTEAFF,1
GTSGSPIINR,CASSGGQGNIQYF,1
GTSGSPIINR,CASSQDPGLNEKLFF,1
GTSGSPIINR,CASRRPREGLANEQFF,1
GTSGSPIINR,CASSLGQGLLYGYT,1
GTSGSPIINR,CASSPTGGGYEQYF,1
GTSGSPIINR,CASSPAGGTYEQYF,1
GTSGSPIINR,CASSLGTREAFF,1
GTSGSPIINR,CASSLVIIGSASTDTQYF,1
GTSGSPIINR,CASSWPEETQYF,1
GTSGSPIINR,CASSLGGQTYEQYF,1
GTSGSPIINR,CASSLGGTDNEQFF,1
GTSGSPIINR,CASSLAGVGNEQFF,1
GTSGSPIINR,CASSPSQDTEAFF,1
GTSGSPIINR,CASSLGAGVQETQYF,1
GTSGSPIINR,CASSLGGGNQETQYF,1
GTSGSPIINR,CASTTGGGGYEQYF,1
YLQPRTFLL,CASSYPTGEGQETQYF,1
YLQPRTFLL,CASSAGVSGEQYF,1
YLQPRTFLL,CATSPDPNTGELFF,1
YLQPRTFLL,CASSLWTGSEAFF,1
YLQPRTFLL,CSARDEKATNTGELFF,1
YLQPRTFLL,CASSPDPNTGELFF,1
YLQPRTFLL,CASSFARAQADTQYF,1
YLQPRTFLL,CASSPGTTLAKNIQYF,1
YLQPRTFLL,CASSPDIDQFF,1
YLQPRTFLL,CASSPMMDEQFF,1
YLQPRTFLL,CATTELDTGELFF,1
YLQPRTFLL,CATTEGVAGELFF,1
YLQPRTFLL,CASSDMNTGELFF,1
YLQPRTFLL,CSVTWDRNTGELFF,1
YLQPRTFLL,CASRDGRESYEQYF,1
YLQPRTFLL,CASSPSMSTGELFF,1
YLQPRTFLL,CASGTANTGELFF,1
YLQPRTFLL,CASSSANSGELFF,1
YLQPRTFLL,CASSPTGGGNTGELFF,1
YLQPRTFLL,CASIRDHNTGELFF,1
YLQPRTFLL,CAAGDANTGELFF,1
YLQPRTFLL,CASMEENTGELFF,1
YLQPRTFLL,CASSYQQGPEAFF,1
YLQPRTFLL,CATEDRNTGELFF,1
YLQPRTFLL,CANPDRNTGELFF,1
YLQPRTFLL,CASSELNTGELFF,1
YLQPRTFLL,CASSIGDEQYF,1
YLQPRTFLL,CASSDRGRSYEQYF,1
YLQPRTFLL,CASSLDIEQYF,1
YLQPRTFLL,CATSRPATEAFF,1
YLQPRTFLL,CASQDTNTGELFF,1
YLQPRTFLL,CASNNANTGELFF,1
YLQPRTFLL,CASSVEPGWDEQYF,1
YLQPRTFLL,CASSQVESADTQYF,1
YLQPRTFLL,CAGGDTNTGELFF,1
YLQPRTFLL,CASSPDIEQYF,1
YLQPRTFLL,CASADMNTGELFF,1
YLQPRTFLL,CATQTANTGELFF,1
YLQPRTFLL,CSARDPSGVKLFF,1
YLQPRTFLL,CSARDHVGQNTGELFF,1
YLQPRTFLL,CSARGLAEANTGELFF,1
YLQPRTFLL,CSARWGLLVNTGELFF,1
YLQPRTFLL,CAGQVTNTGELFF,1
YLQPRTFLL,CASSFGISGELFF,1
YLQPRTFLL,CASSDLNTGELFF,1
YLQPRTFLL,CASSLAGPNEQFF,1
MLNIPSINV,CATFDGNTGELFF,1
MLNIPSINV,CASSESFPASGGSTDTQYF,1
MLNIPSINV,CASSPQGQGESGANVLTF,1
MLNIPSINV,CASSFTGIAETQYF,1
MLNIPSINV,CASRPKSPLHF,1
MLNIPSINV,CASMTNNQPQHF,1
MLNIPSINV,CASSFRGDTEAFF,1
MLNIPSINV,CASSLQGRGNQPQHF,1
MLNIPSINV,CASRDRGLGQPQHF,1
MLNIPSINV,CASSQDRELAFF,1
MLNIPSINV,CASSLAVQSDEQYF,1
MLNIPSINV,CASRSPRAGETQYF,1
MLNIPSINV,CASSLGPAYNEQFF,1
MLNIPSINV,CAWSVASTGLNYEQYF,1
MLNIPSINV,CASSPTGTGEAFF,1
MLNIPSINV,CASSPPGGSGNTIYF,1
MLNIPSINV,CASSPGLDYEQYF,1
MLNIPSINV,CASSLGFGYEQFF,1
MLNIPSINV,CASSARTPRPGSSYNEQFF,1
MLNIPSINV,CASSFPTGGLWPSDGQYF,1
MLNIPSINV,CASSLSTSGDNEQFF,1
MLNIPSINV,CASSPSGYNEQFF,1
MLNIPSINV,CSARSGVGNTIYF,1
MLNIPSINV,CASSLRGPGLYNEQFF,1
MLNIPSINV,CASSLETGSNEQFF,1
MLNIPSINV,CASSLGPHDSTNYGYTF,1
MLNIPSINV,CASSSGGGEQYF,1
MLNIPSINV,CASNQPQHF,1
MLNIPSINV,CSARGAGVPYEQYF,1
MLNIPSINV,CASSLARRVNPRTDTQYF,1
MLNIPSINV,CASSDFRDRGHNEKLFF,1
MLNIPSINV,CASSQGLSYEQYF,1
MLNIPSINV,CASSLVESEQFF,1
MLNIPSINV,CASSPIDRAGGPYEQYF,1
MLNIPSINV,CASSVGVSGSFYEQYF,1
MLNIPSINV,CASSFGVNTEAFF,1
MLNIPSINV,CASSWDRRAPSYNEQFF,1
MLNIPSINV,CASSLGWGYEQYF,1
MLNIPSINV,CASSFWAGGWTEAFF,1
MLNIPSINV,CATHSGNTGELFF,1
MLNIPSINV,CSARDPSQGGYEQYF,1
MLNIPSINV,CASSPSGGVGTGELFF,1
MLNIPSINV,CASSLGLNYEQYF,1
MLNIPSINV,CASSQGQGYEQYF,1
MLNIPSINV,CASSRGTGGYEQFF,1
MLNIPSINV,CASSGSRVPYEQYF,1
VVLSWAPPV,CASSFGPSYGYTF,1
VVLSWAPPV,CASSFGPYGYTF,1
VVLSWAPPV,CSVRGGGDNSPLHF,1
VVLSWAPPV,CASSLDLDWGQSYNEQFF,1
VVLSWAPPV,CAWSAGEQYF,1
VVLSWAPPV,CASSLSSGPYNEQFF,1
VVLSWAPPV,CASSFAPGQGIEKLFF,1
VVLSWAPPV,CASSLGGLTDTQYF,1
VVLSWAPPV,CASSPMTGAEQFF,1
VVLSWAPPV,CASSFGPGYEQYF,1
VVLSWAPPV,CAISELGYEQYF,1
VVLSWAPPV,CASSLWRGMGAGELFF,1
VVLSWAPPV,CASYFFALFTDTQYF,1
VVLSWAPPV,CASSVETGGLDTQYF,1
VVLSWAPPV,CASSWGPGYEQYF,1
VVLSWAPPV,CSASPGYNEQFF,1
VVLSWAPPV,CSAREVRDLYNEQFF,1
VVLSWAPPV,CASQPWFNTGELFF,1
VVLSWAPPV,CASSSRLSSGYTF,1
VVLSWAPPV,CASSPDLNPYEQYF,1
VVLSWAPPV,CASSRPLNQPQHF,1
VVLSWAPPV,CASSLAGESSYNEQFF,1
VVLSWAPPV,CASSPVVTPTTDTQYF,1
VVLSWAPPV,CASSYSWGEQFF,1
VVLSWAPPV,CASSEVQGGRDTQYF,1
VVLSWAPPV,CSGLVPGFDSPLHF,1
VVLSWAPPV,CASSYGGNSPLHF,1
VVLSWAPPV,CASSFTSGSGHEQYF,1
VVLSWAPPV,CASSWTGNTEAFF,1
VVLSWAPPV,CASSLGGPAEQYF,1
VVLSWAPPV,CASSYGGGSPQYF,1
VVLSWAPPV,CSARISTSSSYEQYF,1
VVLSWAPPV,CASSPLRGPYEQYF,1
VVLSWAPPV,CASSLGGSYTF,1
VVLSWAPPV,CASSSRQGAGDTQYF,1
VVLSWAPPV,CASSSGLAGGPKHYEQYF,1
VVLSWAPPV,CASSLGTGVTEIF,1
VVLSWAPPV,CASSFGGSSYEQYF,1
VVLSWAPPV,CASSEWAGQPQHF,1
VVLSWAPPV,CASSPRIGGPREGYTF,1
VVLSWAPPV,CASSYSSDFWGDQPQHF,1
VVLSWAPPV,CSATPRYRGYEQYF,1
VVLSWAPPV,CASSLYGGESQETQYF,1
VVLSWAPPV,CASSEVSVLYEQYF,1
VVLSWAPPV,CASSTQGQPQHF,1
HSKKKCDEL,CASSRRGRDDEKLF,1
HSKKKCDEL,CASSRRQGAMRETQYF,1
HSKKKCDEL,CAVRLMENYGYTF,1
HSKKKCDEL,CAISGMGQRDNEQF,1
HSKKKCDEL,CAISGGVRSTYNEQF,1
HSKKKCDEL,CASSRLTVDRSDTGELFF,1
HSKKKCDEL,CASSRRGAATSTDTQYF,1
HSKKKCDEL,CAIRTRIGETQYF,1
HSKKKCDEL,CAIRTGGDEQF,1
HSKKKCDEL,CASSHRQGGTGELF,1
HSKKKCDEL,CAISSGTKSTEAF,1
HSKKKCDEL,CAISGGSGDNEQF,1
HSKKKCDEL,CASSPRQGGTGELFF,1
HSKKKCDEL,CASSQGPPGTTRETQYF,1
HSKKKCDEL,CASSRRGRDDEKLFF,1
HSKKKCDEL,CASSPRQGGTGELF,1
HSKKKCDEL,CASSPGPQRGGLETQYF,1
HSKKKCDEL,CAISERHLTDTQYF,1
HSKKKCDEL,CAISGMGQRDNEQFF,1
HSKKKCDEL,CASSQSRGSGNTIYF,1
HSKKKCDEL,CAISDEGRNTEAF,1
HSKKKCDEL,CAIRTGGDEQFF,1
HSKKKCDEL,CAISSGTKSTEAFF,1
HSKKKCDEL,CAIRTRTGESYTF,1
HSKKKCDEL,CAISVSGRSTDTQYF,1
HSKKKCDEL,CASSNRQGGTGELFF,1
HSKKKCDEL,CAIRAGGDEQF,1
HSKKKCDEL,CASSHRQGGTGELFF,1
HSKKKCDEL,CAISETDKLGFF,1
HSKKKCDEL,CASSRLTVDRSDTGELF,1
HSKKKCDEL,CAISGGSGDNEQFF,1
HSKKKCDEL,CASSQGPPGLAQETQYF,1
HSKKKCDEL,CASSSRQGGTGELFF,1
HSKKKCDEL,CAISEVQETQYF,1
HSKKKCDEL,CAIRAGGDEQFF,1
HSKKKCDEL,CASSHSRGSGNTIYF,1
HSKKKCDEL,CASSLRGRGDQPQHF,1
HSKKKCDEL,CAISESTGPGGDTQYF,1
HSKKKCDEL,CAISETDKLGF,1
HSKKKCDEL,CASSNRQGGTGELF,1
HSKKKCDEL,CAISGGVRSYNEQFF,1
HSKKKCDEL,ASSLRGRGDQPQH,1
HSKKKCDEL,CASSSRQGGTGELF,1
HSKKKCDEL,CASSRRGATTSTDTQYF,1
HSKKKCDEL,CAISDEGRNTEAFF,1
FEDLRVLSF,CASSSTGREAFF,1
FEDLRVLSF,CASSPTQREQYF,1
FEDLRVLSF,CASSPGTAADTQYF,1
FEDLRVLSF,CASSLGTPTEAFF,1
FEDLRVLSF,CASSMSAMGTEAFF,1
FEDLRVLSF,CASSQTGRELFF,1
FEDLRVLSF,CASSLTQNEQFF,1
FEDLRVLSF,CASGRLVTGGGTGANVLTF,1
FEDLRVLSF,CASSLLWRNNEQFF,1
FEDLRVLSF,CASTNYAGGDRGYTF,1
FEDLRVLSF,CASSMGTGPRETQYF,1
FEDLRVLSF,CASSIGQAYYEQYF,1
FEDLRVLSF,CASSIGVRAFF,1
FEDLRVLSF,CASSVGTGAYEQYF,1
FEDLRVLSF,CASSALTGNEQFF,1
FEDLRVLSF,CASNWGGRGNTGELFF,1
FEDLRVLSF,CATQGTSGYTDTQYF,1
FEDLRVLSF,CSARDGQVYSNQPQHF,1
FEDLRVLSF,CASSQVDYNEQFF,1
FEDLRVLSF,CASSPRQGNNSPLHF,1
FEDLRVLSF,CASSISPSGFNGYTF,1
FEDLRVLSF,CASSMGRDGYTF,1
FEDLRVLSF,CSARPGQFYSNQPQHF,1
FEDLRVLSF,CASSLAVHNEQFF,1
FEDLRVLSF,CASSATKNIQYF,1
FEDLRVLSF,CASWGGANYGYTF,1
FEDLRVLSF,CASRSLAEKGETQYF,1
FEDLRVLSF,CSARAYRGYNSPLHF,1
FEDLRVLSF,CASSWGWRSNQPQHF,1
FEDLRVLSF,CASSYGTGSADTQYF,1
FEDLRVLSF,CASTGTSGRAETQYF,1
FEDLRVLSF,CASSLTGHNQPQHF,1
FEDLRVLSF,CASSISSGRTYEQYF,1
FEDLRVLSF,CASSIGTGGNYGYTF,1
FEDLRVLSF,CASSLTGQGAFF,1
FEDLRVLSF,CASGPTGGAAETQYF,1
FEDLRVLSF,CASSVVATGGRGTDTQYF,1
FEDLRVLSF,CASSMGTYSNQPQHF,1
FEDLRVLSF,CASSGLINGNTIYF,1
FEDLRVLSF,CSVYLNTEAFF,1
FEDLRVLSF,CASSGVRATEAFF,1
FEDLRVLSF,CASSEGTGGLNAFF,1
FEDLRVLSF,CASSWGTGGNQPQHF,1
FEDLRVLSF,CASSRLQGANSPLHF,1
FEDLRVLSF,CASSMAQGARSPLHF,1
IIKDYGKQM,CASSVDKGGADEQF,1
IIKDYGKQM,CASGLALRGGDQETQYF,1
IIKDYGKQM,CASSFLTGARSKNIQYF,1
IIKDYGKQM,CASSLALRGGDQETQYF,1
IIKDYGKQM,CASRGTGVHEQYF,1
IIKDYGKQM,CASLEGGSYTF,1
IIKDYGKQM,CASRGSGVYEQYF,1
IIKDYGKQM,CASRTSGGHEQF,1
IIKDYGKQM,CASALEQGGYNEQFF,1
IIKDYGKQM,CASGDSGDEQF,1
IIKDYGKQM,CTSSEDKGGGDTQYF,1
IIKDYGKQM,CASSVDKGGVDEQF,1
IIKDYGKQM,CASSDNPLVGGFTDMQYF,1
IIKDYGKQM,CSAREDEGWGGYTF,1
IIKDYGKQM,CASSVDKGGPDTQYF,1
IIKDYGKQM,CASSVDKGGTDTQYF,1
IIKDYGKQM,CASSLVDPTGFGLETQYF,1
IIKDYGKQM,CAGSLALRLADQETQYF,1
IIKDYGKQM,CASSLDPRMNTEAF,1
IIKDYGKQM,CASSVDKGGTDAQYF,1
IIKDYGKQM,CASSVDKGGADTQYF,1
IIKDYGKQM,CSVEEETNYGYF,1
IIKDYGKQM,CASGDSGDEQFF,1
IIKDYGKQM,CASSPRDFSPTDTQYF,1
IIKDYGKQM,CASSSLRGTAADTQYF,1
IIKDYGKQM,CASSVDKGGVDEQFF,1
IIKDYGKQM,CRASSSLRGTAADTQYF,1
IIKDYGKQM,CASSDNPLVGGFTDTQYF,1
IIKDYGKQM,CATSDSYEQYF,1
IIKDYGKQM,CASALEQGGYNEQF,1
IIKDYGKQM,CASRTSGEETQYF,1
IIKDYGKQM,CASRTGGEETQYF,1
IIKDYGKQM,CASSEDKGGGDTQYF,1
IIKDYGKQM,CAIRTSGDYEQYF,1
IIKDYGKQM,CVSSVDKGGTDTQYF,1
IIKDYGKQM,CASSEDKGGADTQYF,1
IIKDYGKQM,CASRTSGDYEQYF,1
IIKDYGKQM,CSVEGMRDYGYTF,1
IIKDYGKQM,CSDDGGQEGYGYTF,1
IIKDYGKQM,CASSVDKGGTDEQFF,1
IIKDYGKQM,CASSVDKGGTDEQF,1
IIKDYGKQM,CASRTSGGHEQFF,1
IIKDYGKQM,CASSVDKGGADEQFF,1
IIKDYGKQM,CSVEGMREYGYTF,1
QYDPVAALF,CAIKGTVSTQETQYF,1
QYDPVAALF,CSARVSPEGGPENYGYTF,1
QYDPVAALF,CASSLGGLAPSTDTQYF,1
QYDPVAALF,CASSSTGGGGTEAFF,1
QYDPVAALF,CSARFSGQGTEAF,1
QYDPVAALF,CAGTGIRSAGELFF,1
QYDPVAALF,CASSYSNAEAFF,1
QYDPVAALF,CASSSIQGAAGELF,1
QYDPVAALF,CAGTGIRSAGELF,1
QYDPVAALF,CASSSDIGGGSYGYTF,1
QYDPVAALF,CASSPDRGRGYTF,1
QYDPVAALF,CASDRGGNTGELFF,1
QYDPVAALF,CSARNPGLYEQYF,1
QYDPVAALF,CAISDPGHRFGEAF,1
QYDPVAALF,CASSLALTAEIHGYTF,1
QYDPVAALF,CASKPRDSGDTQYF,1
QYDPVAALF,CASSSTGGGGAEAF,1
QYDPVAALF,CASRGQVSSQETQYF,1
QYDPVAALF,CASSLSSTRTDTQYF,1
QYDPVAALF,CASTPRDRSNYEQYF,1
QYDPVAALF,CASSSTGGGGAEAFF,1
QYDPVAALF,CASSQVSTGETQYF,1
QYDPVAALF,CASSLNSVGTEAF,1
QYDPVAALF,CASSPLTATDTQYF,1
QYDPVAALF,CASSSIQGAAGELFF,1
QYDPVAALF,CASSLGAGGPSDTQYF,1
QYDPVAALF,CASSPYSSGNTIYF,1
QYDPVAALF,CASSSNQGATQYF,1
QYDPVAALF,CASSDPGDSLNGYTF,1
QYDPVAALF,CASSLYTAVETQYF,1
QYDPVAALF,CASSLDTDTQYF,1
QYDPVAALF,CAWKFRDSTYEQYF,1
QYDPVAALF,CASDRGGNTGELF,1
QYDPVAALF,CASSVRSSMNTEAFF,1
QYDPVAALF,CASSQGQGAQNQPQHF,1
QYDPVAALF,CASSFTLSPETQYF,1
QYDPVAALF,CASSDPGHQLYGYTF,1
QYDPVAALF,CASTPRRLGLFPSSGNTIYF,1
QYDPVAALF,CASSSTGGGEKDQPQHF,1
QYDPVAALF,CASSEGGGLPSYEQYF,1
QYDPVAALF,CASSSTGGGGTEAF,1
QYDPVAALF,CSARFSGQGTEAFF,1
QYDPVAALF,CASINRGTDPYEQYF,1
KRWIIMGLNK,CASSRGTSDYEQYF,1
KRWIIMGLNK,CASSSFGPSNQPQHF,1
KRWIIMGLNK,CASSLYGEQYF,1
KRWIIMGLNK,CASSQGTTDTQYF,1
KRWIIMGLNK,CAWSLTGMNQPQHF,1
KRWIIMGLNK,CASSLLGGGGEAFF,1
KRWIIMGLNK,CASSFSSLGEQFF,1
KRWIIMGLNK,CASSQGQLGNTIYF,1
KRWIIMGLNK,CASSDLTGTAYNEQFF,1
KRWIIMGLNK,CASREGQGGTEAFF,1
KRWIIMGLNK,CSARDPLPEASGGAGTDTQYF,1
KRWIIMGLNK,CASRPGQGSHEQFF,1
KRWIIMGLNK,CASSYPGQGVGGYTF,1
KRWIIMGLNK,CASSASTSDYSYEQYF,1
KRWIIMGLNK,CASSLVGRGLDEQYF,1
KRWIIMGLNK,CASTPPGF,1
KRWIIMGLNK,CASSPGQFSHEAFF,1
KRWIIMGLNK,CASSTPGGGQDTQYF,1
KRWIIMGLNK,CASSQWTGELF,1
KRWIIMGLNK,CASSIAGGGEDTQYF,1
KRWIIMGLNK,CASSLRGGNTDTQYF,1
KRWIIMGLNK,CASREGLGGTEAFF,1
KRWIIMGLNK,ASREGLGGTEA,1
KRWIIMGLNK,CASSLGTSSSYEQYF,1
KRWIIMGLNK,CASSQGIFAYEQYF,1
KRWIIMGLNK,CASAPGLMSYEQYF,1
KRWIIMGLNK,CASSLGTSSYEQYF,1
KRWIIMGLNK,CSARAGLNNEQFF,1
KRWIIMGLNK,CASSFGTGGEQYF,1
KRWIIMGLNK,CSARGGSVFYEQYF,1
KRWIIMGLNK,CASSLYGEYEQYF,1
KRWIIMGLNK,CASSFTTLGEQYF,1
KRWIIMGLNK,CASRGGQGSTEAFF,1
KRWIIMGLNK,CASRTGQGAYEQYF,1
KRWIIMGLNK,CASSLLEHNNGELFF,1
KRWIIMGLNK,CSARGGERFYEQYF,1
KRWIIMGLNK,CASSGGRDRSHEQYF,1
KRWIIMGLNK,CASSPGQLGNTIYF,1
KRWIIMGLNK,CSARGWVSNNQETQYF,1
KRWIIMGLNK,ASREGLGGTEAF,1
KRWIIMGLNK,CASRKGQGDWEAF,1
KRWIIMGLNK,CASSLLGGNPTQYF,1
ILTGLNYEV,CASSLSGVAYGYTF,1
ILTGLNYEV,CASSGQGGDEQYF,1
ILTGLNYEV,CASSQGSDEQYF,1
ILTGLNYEV,CAISPGGEQFF,1
ILTGLNYEV,CASSPSSGGITDTQYF,1
ILTGLNYEV,CASSGFRGELFF,1
ILTGLNYEV,CASSAGGDTEAFF,1
ILTGLNYEV,CASSGLAGGPFGMETQYF,1
ILTGLNYEV,CASGAQHTEAFF,1
ILTGLNYEV,CASSLGGGAYEQYF,1
ILTGLNYEV,CASSRSRWEFYGYTF,1
ILTGLNYEV,CASSEGQNTEAFF,1
ILTGLNYEV,CASNRGYNEQFF,1
ILTGLNYEV,CASSLAGADNEQFF,1
ILTGLNYEV,CASSVGGGHQPQHF,1
ILTGLNYEV,CASSVGGDIGIGYTF,1
ILTGLNYEV,CASSPMGQSYEQYF,1
ILTGLNYEV,CASGTLNSNQPQHF,1
ILTGLNYEV,CASSRGGGTEAFF,1
ILTGLNYEV,CASSLPGGPRETQYF,1
ILTGLNYEV,CASSVGSTEAFF,1
ILTGLNYEV,CASSVDPGQSYEQYF,1
ILTGLNYEV,CATSDPGTTNTGELFF,1
ILTGLNYEV,CASSLQASGRETQYF,1
ILTGLNYEV,CASSGGGAEAFF,1
ILTGLNYEV,CASSTGGTSGGRNTGELFF,1
ILTGLNYEV,CATSRDRGLTEAFF,1
ILTGLNYEV,CASSVASGGYTDTQYF,1
ILTGLNYEV,CASSYSLAGEFF,1
ILTGLNYEV,CASSVGGGSSYEQYF,1
ILTGLNYEV,CSATGQNYEQYF,1
ILTGLNYEV,CASSPRAYNEQFF,1
ILTGLNYEV,CASSARGYDEQFF,1
ILTGLNYEV,CASSEGQGRWYEQYF,1
ILTGLNYEV,CASSTGGNTEAFF,1
ILTGLNYEV,CASSVGSQETQYF,1
ILTGLNYEV,CATSRDLGGQQPQHF,1
ILTGLNYEV,CASSPSLQVAQHF,1
FLRGRAYGL,CASSPVTGGGSGANVLTF,1
FLRGRAYGL,CASSLGQAYEQYF,1
FLRGRAYGL,CASSSPRLSGEADGYTF,1
FLRGRAYGL,CSARGLADPYEQYF,1
FLRGRAYGL,CASNQETQYF,1
FLRGRAYGL,CASSPRTLGTEAFF,1
FLRGRAYGL,CASSVASGTDTQYF,1
FLRGRAYGL,CASSFTWTSGGATDTQYF,1
FLRGRAYGL,CASSQAGFNEQFF,1
FLRGRAYGL,CASSPRTLGTEAF,1
FLRGRAYGL,CASSPAAAYEQYF,1
FLRGRAYGL,AASLGQAYEQY,1
FLRGRAYGL,CASNQGTQYF,1
FLRGRAYGL,CAIKKGEGVIAYEQYF,1
FLRGRAYGL,CASSSGQAYEQYF,1
FLRGRAYGL,CASSAASGTDTQYF,1
FLRGRAYGL,CASGQGNFDIQYF,1
FLRGRAYGL,CAWVLGPAGDTQYF,1
FLRGRAYGL,ASSFTWTSGGATDTQY,1
FLRGRAYGL,CASSLGGGDYEQYF,1
FLRGRAYGL,CASSYRTGSSYNEQFF,1
FLRGRAYGL,CASSLEWGGETQYF,1
FLRGRAYGL,ASSLGQAYEQY,1
FLRGRAYGL,ASSLGQAYEQA,1
FLRGRAYGL,CASSSGQAYEQF,1
FLRGRAYGL,ASGQGNFDIQY,1
FLRGRAYGL,ASSLGQAYAQY,1
FLRGRAYGL,CASSTGQAYEQYF,1
FLRGRAYGL,CASSLGQNTEAFF,1
FLRGRAYGL,CASSIGQAYEQYF,1
FLRGRAYGL,CASSRFFPGQGDHAKNIQYF,1
FLRGRAYGL,CASSVGQAYEQYF,1
FLRGRAYGL,CATSQGASTFYNSPLHF,1
FLRGRAYGL,CASSWGPEAFF,1
FLRGRAYGL,ASALGQAYEQY,1
FLRGRAYGL,CASSPSAAAYEQYF,1
FLRGRAYGL,ASSAGQAYEQY,1
RTLNAWVKV,CAWGSVRMISYNEQFF,1
RTLNAWVKV,CASSLSGATYNEQFF,1
RTLNAWVKV,CASSQEQWSGETSNYGYTF,1
RTLNAWVKV,CASGAGGLNEQFF,1
RTLNAWVKV,CASRTSGSSYNEQFF,1
RTLNAWVKV,CAGTAGAGTDTQYF,1
RTLNAWVKV,CASSQRRTGPSSTDTQYF,1
RTLNAWVKV,CASRVSGSLSYNEQFF,1
RTLNAWVKV,CASSNSLPSGVSYNEQFF,1
RTLNAWVKV,CAISDSPNTGELFF,1
RTLNAWVKV,CASSHGKTQYF,1
RTLNAWVKV,CASSSPGTAHSYEQYV,1
RTLNAWVKV,CASSSDQLDRGSYEQYF,1
RTLNAWVKV,CSVDLEANYGYTF,1
RTLNAWVKV,CASSEVVSTTYEQYF,1
RTLNAWVKV,CASSPGQGHTDTQYF,1
RTLNAWVKV,CASSLSMGGAGELFF,1
RTLNAWVKV,CASSYSSYGGHNEQFF,1
RTLNAWVKV,CASSFAGDEQYF,1
RTLNAWVKV,CASSQDRGGLGEKLFF,1
RTLNAWVKV,CASSLGQDGYTF,1
RTLNAWVKV,CASRPSGGAETQYF,1
RTLNAWVKV,CASSVGTGELFF,1
RTLNAWVKV,CASSTDRAAQPQHF,1
RTLNAWVKV,CASSLDRTSSPLHF,1
RTLNAWVKV,CASSSPSGLAGQETQYF,1
RTLNAWVKV,CASSQDLVSQPQHF,1
RTLNAWVKV,CATSDFRQGDVLFWQFF,1
RTLNAWVKV,CASSSTGGGEKDQPQHF,1
RTLNAWVKV,CASSLTSVYNEQFF,1
RTLNAWVKV,CSVSQSYGYTF,1
RTLNAWVKV,CASSPSSGAVDEQFF,1
RTLNAWVKV,CASSPGTSETGELFF,1
RTLNAWVKV,CASSTVGSSGNTIYF,1
RTLNAWVKV,CASKEVAGAQETQYF,1
RTLNAWVKV,CASSSRGADGELFF,1
EPLPQGQLTAY,CASAQIGPYEQYF,1
EPLPQGQLTAY,CASSDVAPAPFYGYTF,1
EPLPQGQLTAY,CAIGTGDSNQPQHF,1
EPLPQGQLTAY,CATGTGDSNQPQHF,1
EPLPQGQLTAY,CASSPASGAFGYNEQF,1
EPLPQGQLTAY,CASAQIGPYQYF,1
EPLPQGQLTAY,CASSLISGEGQPQHF,1
EPLPQGQLTAY,ATGTGDSNQPQH,1
EPLPQGQLTAY,CASRLPGGYNEQFF,1
EPLPQGQLTAY,CASRPPGGNEQFF,1
EPLPQGQLTAY,CASSTGDHSNQPQHF,1
EPLPQGQLTAY,CATGTRDSNQPQHF,1
EPLPQGQLTAY,CASRPPGGVNEQFF,1
EPLPQGQLTAY,CAISTGDGNQPQHF,1
EPLPQGQLTAY,CAISTGDSNQPQHF,1
EPLPQGQLTAY,CASSLVVAGGPMSEQFF,1
EPLPQGQLTAY,CASSLIGRDEQFF,1
EPLPQGQLTAY,CASSIPAAGGRFEQFF,1
EPLPQGQLTAY,CANSQPGGIEQFF,1
EPLPQGQLTAY,CASSIDLRGYQNIQYF,1
EPLPQGQLTAY,CASSTGDSNQPQHF,1
EPLPQGQLTAY,CASRQPGGVNEQFF,1
EPLPQGQLTAY,CAISTGPDSYEQYF,1
EPLPQGQLTAY,CASRTPGVSTEAFF,1
EPLPQGQLTAY,CASSFYDWNTEAFF,1
EPLPQGQLTAY,CASQDTNSYEQYF,1
EPLPQGQLTAY,CASSDTPQPFSSGYTF,1
EPLPQGQLTAY,CASSLPGRDEQYF,1
EPLPQGQLTAY,CATSTGDSNQPQHF,1
EPLPQGQLTAY,CASRPPGVYEQYF,1
EPLPQGQLTAY,CASRPPGANVLTF,1
EPLPQGQLTAY,CASSLPGGAQGYTF,1
EPLPQGQLTAY,CAISTGDYEQYF,1
EPLPQGQLTAY,CASSLPGAGGDQPQHF,1
EPLPQGQLTAY,CASGTGDSNQPQHF,1
QIKVRVKMV,CASSESEQGYTGELFF,1
QIKVRVKMV,CARNATGNYGYTF,1
QIKVRVKMV,CASSLGWEYNEQFF,1
QIKVRVKMV,CASSGGQGRTMNTEAFF,1
QIKVRVKMV,CASSSREVTGELF,1
QIKVRVKMV,CSVRFSANYGYTF,1
QIKVRVKMV,CASSESEQGYTGELF,1
QIKVRVKMV,CASSGGQGRTMNTEAF,1
QIKVRVKMV,CSVEESGLAGNTGELF,1
QIKVRVKMV,CSVEESGLAGNTGELFF,1
QIKVRVKMV,CASSLWGALYEQYF,1
QIKVRVKMV,CASKWTSGGPNTGELFF,1
QIKVRVKMV,CASSLGWEYNEQF,1
QIKVRVKMV,CASSYGPVETEAF,1
QIKVRVKMV,CASKWTSGGPNTGELF,1
QIKVRVKMV,CASSLEGFTDTQYF,1
QIKVRVKMV,CASSPGGQGGQPQHF,1
QIKVRVKMV,CASSLGVSEPQHF,1
QIKVRVKMV,CASSSREVTGELFF,1
QIKVRVKMV,CSGWGGTRDHGYTF,1
QIKVRVKMV,CSGVVGRGAYNEQFF,1
QIKVRVKMV,CASSSGTSGYEQYF,1
QIKVRVKMV,CSVDRHSYNEQF,1
QIKVRVKMV,CASSRLAGGTGELFF,1
QIKVRVKMV,CASSRLAGGTGELF,1
QIKVRVKMV,CSVDRHSYNEQFF,1
QIKVRVKMV,CASSLTQGLAGVEQYF,1
QIKVRVKMV,CSGVVGRGAYNEQF,1
QIKVRVKMV,CASRRRESHAYEQYF,1
QIKVRVKMV,CARTGNYGYTF,1
QIKVRVKMV,CASSRLGGGHRGAVF,1
QIKVRVKMV,CASSLSRGAYEQYF,1
QIKVRVKMV,CASSRLAGSTDTQYF,1
QIKVRVKMV,CASSYGPVETEAFF,1
QIKVRVKMV,CSVGRDRDHGYTF,1
FEDLRVSSF,CASSMSAMGTEAFF,1
FEDLRVSSF,CASSQDMGGYNQPQHF,1
FEDLRVSSF,CASSLWGRALSYEQYF,1
FEDLRVSSF,CASRTSSYNSPLHF,1
FEDLRVSSF,CASSPTGRVQPQHF,1
FEDLRVSSF,CASGRLVTGGGTGANVLTF,1
FEDLRVSSF,CASTNYAGGDRGYTF,1
FEDLRVSSF,CATSRDGLAGANSPLHF,1
FEDLRVSSF,CASRPPHYNSPLHF,1
FEDLRVSSF,CASSIGVRAFF,1
FEDLRVSSF,CASSLGPTTYKSSYEQYF,1
FEDLRVSSF,CASSQASLVMTGGDEQYF,1
FEDLRVSSF,CASSLGPGKSSKTQYF,1
FEDLRVSSF,CASSQDQGAYNQPQHF,1
FEDLRVSSF,CASSIYRRRQGALAGPDTQYF,1
FEDLRVSSF,CASSSLRVGAGPGQPQHF,1
FEDLRVSSF,CASSPYTDRQENYGYTF,1
FEDLRVSSF,CASSQDPGQGYNEQFF,1
FEDLRVSSF,CASSLLKGTLHF,1
FEDLRVSSF,CASSATKNIQYF,1
FEDLRVSSF,CASRSLAEKGETQYF,1
FEDLRVSSF,CSARAYRGYNSPLHF,1
FEDLRVSSF,CASSQDAGLYNQPQHF,1
FEDLRVSSF,CASSPTRLVSSYNEQFF,1
FEDLRVSSF,CASSQDLGSYNSPLHF,1
FEDLRVSSF,CASSPLHLRDGPKTPLHF,1
FEDLRVSSF,CASSLAQGKAFF,1
FEDLRVSSF,CASSLTGQGAFF,1
FEDLRVSSF,CASSQGPTTDTQYF,1
FEDLRVSSF,CASSQEAGAYNQPQHF,1
FEDLRVSSF,CASSVVATGGRGTDTQYF,1
FEDLRVSSF,CASSVGLAEPLDEQFF,1
FEDLRVSSF,CASSMGTYSNQPQHF,1
FEDLRVSSF,CSAREPGRQFAFAALHF,1
SLYNTVATL,CATSGTDRGGGETQYF,1
SLYNTVATL,CASSFDSEAFF,1
SLYNTVATL,CASSYSTHYSLESDTQYF,1
SLYNTVATL,CSAPVLPQETQYF,1
SLYNTVATL,CASSYVTPDYGYTF,1
SLYNTVATL,CASSMIGHSNQPQHF,1
SLYNTVATL,CASSTPGEGGEQFF,1
SLYNTVATL,CASSLPTENTDTQYF,1
SLYNTVATL,CASSLGRGSGANVLTF,1
SLYNTVATL,CASRPYSGRAGAYTGELFF,1
SLYNTVATL,CATSDPIRASSHEQFF,1
SLYNTVATL,CASTPVGHSNQPQHF,1
SLYNTVATL,CASSIFPGGGYGYTF,1
SLYNTVATL,CASSPRTEKYTQYF,1
SLYNTVATL,CASSGVGYQPQHF,1
SLYNTVATL,CASSFDAEAFF,1
SLYNTVATL,CASSIDGAGNQPQHF,1
SLYNTVATL,CASSDTVSYEQYF,1
SLYNTVATL,CASSDRTGGGETQYF,1
SLYNTVATL,CASSLIGHSNQPQHF,1
SLYNTVATL,CASSYGMGVGDRDTQYF,1
SLYNTVATL,CASSFLAGGITDTQYF,1
SLYNTVATL,CATSFDSEAFF,1
SLYNTVATL,ASSDTVSYEQY,1
SLYNTVATL,CASLSGGAFYHTGELFF,1
SLYNTVATL,CASNLGGPQQPQHF,1
SLYNTVATL,CASSFDVEQFF,1
SLYNTVATL,CASSRTAGTYYNEQFF,1
SLYNTVATL,CASSASTGGGYTF,1
SLYNTVATL,CASSFDAEQFF,1
SLYNTVATL,CASSYRGLKEQYF,1
SLYNTVATL,CASSEARWVAGVWTGELFF,1
RFPLTFGWCF,CASSESIGGRDNNQPQHF,1
RFPLTFGWCF,CASSLRDRVPETQYF,1
RFPLTFGWCF,CASSARAGTSGAGELF,1
RFPLTFGWCF,ASSSWDTGELF,1
RFPLTFGWCF,CASSGASHEQYF,1
RFPLTFGWCF,CASSLIVQGWYEQYF,1
RFPLTFGWCF,CASSLSTGRGTYEQYF,1
RFPLTFGWCF,CASSLTGETQYF,1
RFPLTFGWCF,CASSSWDTGELF,1
RFPLTFGWCF,CASSQLSGGTYEQYF,1
RFPLTFGWCF,CASSLEQFTDEQYF,1
RFPLTFGWCF,CASSQTSGGTYEQYF,1
RFPLTFGWCF,ASSGASHEQY,1
RFPLTFGWCF,CASSPTSGIYEQYF,1
RFPLTFGWCF,CASSASGQQPYEQYF,1
RFPLTFGWCF,CASSLGQGEETQYF,1
RFPLTFGWCF,CATWDMSSYNSPLHF,1
RFPLTFGWCF,CASSAGYNEQF,1
RFPLTFGWCF,CATSRASGGTYEQYF,1
RFPLTFGWCF,CASSDF,1
RFPLTFGWCF,ASSPTSGIYEQY,1
RFPLTFGWCF,CASSLDETGGYEQYF,1
RFPLTFGWCF,CASSDIGQGAIEQYF,1
RFPLTFGWCF,CTSVPAVRSQRDRGQETQYF,1
RFPLTFGWCF,CASSPTQGIYEQYF,1
RFPLTFGWCF,CASSSYYRSGNTIYF,1
RFPLTFGWCF,CASSFRPGLAVTGELF,1
RFPLTFGWCF,CASSQLAGVYEQF,1
RFPLTFGWCF,CASSLRDSVPETQYF,1
RFPLTFGWCF,CASSPQKGIYEQYF,1
RFPLTFGWCF,CASSPGQGIYEQYF,1
RFPLTFGWCF,CASSHTTGLYEQYF,1
QVPLRPMTYK,CASYPDRGRVNEQFF,1
QVPLRPMTYK,CASRQQGFVFEAKNIQYF,1
QVPLRPMTYK,CASSARAFPEGNQPQHF,1
QVPLRPMTYK,CASSVSGFSTDTQYF,1
QVPLRPMTYK,CASRPGPVKNTGELFF,1
QVPLRPMTYK,CASSLVGFANTGELFF,1
QVPLRPMTYK,CASSERDSQYQETQYF,1
QVPLRPMTYK,CASSLTGHPYEQYF,1
QVPLRPMTYK,CASSETNRVEMEAFF,1
QVPLRPMTYK,CASSKYNEQFF,1
QVPLRPMTYK,CSVPKVGTSGFNEQFF,1
QVPLRPMTYK,CAISDFDRAGTQYF,1
QVPLRPMTYK,CASSPVLYEQYF,1
QVPLRPMTYK,CASSYSRGSGNTIYF,1
QVPLRPMTYK,CATSAGRQRDTGELFF,1
QVPLRPMTYK,CASSVRTGELFF,1
QVPLRPMTYK,CASSAYRGQANEQFF,1
QVPLRPMTYK,CASGEVGELFF,1
QVPLRPMTYK,CASRETGWGNQPQHF,1
QVPLRPMTYK,CASSYSGQGAAGELFF,1
QVPLRPMTYK,CASSGGAHFSKIPLAGYNEQFF,1
QVPLRPMTYK,CSAPTSGSAAFF,1
QVPLRPMTYK,CASSYSRGAGNTIYF,1
QVPLRPMTYK,CSARGAGGFTHYEQYF,1
QVPLRPMTYK,CASSYSRGVGNTIYF,1
QVPLRPMTYK,CSVLKVGTSGFNEQFF,1
QVPLRPMTYK,CSARVRAGSYNEQFF,1
QVPLRPMTYK,CASSLYTSNNEQFF,1
QVPLRPMTYK,CASSSSGRGLGIQYF,1
QVPLRPMTYK,CSVEDRHYEQYF,1
QVPLRPMTYK,CSVVAGGPGDTQYF,1
QVPLRPMTYK,CSVPKTGTSGFNEQFF,1
ALYGFVPVL,CASRMGTSGSTDTQYF,1
ALYGFVPVL,CASTGTDSYEQYF,1
ALYGFVPVL,CSARPGLAGGYEQYF,1
ALYGFVPVL,CASSRQPMNTEAFF,1
ALYGFVPVL,CASSLGGGAYEQYF,1
ALYGFVPVL,CASSGQGTDTQYF,1
ALYGFVPVL,CATSEGLQYEQYF,1
ALYGFVPVL,CTSSQDLRRKISTDTQYF,1
ALYGFVPVL,CASSQAHTGELFF,1
ALYGFVPVL,CASSQGGDEQFF,1
ALYGFVPVL,CATSDPGTTNTGELFF,1
ALYGFVPVL,CSVGTYSNQPQHF,1
ALYGFVPVL,CASSYSGQGYTF,1
ALYGFVPVL,CASSQDGVQHF,1
ALYGFVPVL,CASSGVAEWALETQYF,1
ALYGFVPVL,CASSDLQGGGPGEQYF,1
ALYGFVPVL,CASRGSGASTGELFF,1
ALYGFVPVL,CASSQGSGANVLTF,1
ALYGFVPVL,CASSPWTLNEQYF,1
ALYGFVPVL,CASSWRRGTDTQYF,1
ALYGFVPVL,CASSEISSGGPFLDTQYF,1
ALYGFVPVL,CASSPVGYEQYF,1
ALYGFVPVL,CASSNVLAGGRDTQYF,1
ALYGFVPVL,CASSNQETQYF,1
ALYGFVPVL,CASSSLGEQFF,1
ALYGFVPVL,CASSTGNYGYTF,1
ALYGFVPVL,CASSNGYGNQPQHF,1
ALYGFVPVL,CASSYQTGNEQFF,1
ALYGFVPVL,CASSPSLQVAQHF,1
ALYGFVPVL,CASSLWAEPDTQYF,1
ALYGFVPVL,CASSLNREGNTEAFF,1
ISPRTLNAW,CASSLAQGWKTQYF,1
ISPRTLNAW,CASSHGQGMKTQYF,1
ISPRTLNAW,CASSQATGNTGELFF,1
ISPRTLNAW,CASSQDPSGNPMETQYF,1
ISPRTLNAW,CASSLRGGGASYNEQFF,1
ISPRTLNAW,CASRTQRWETQYF,1
ISPRTLNAW,CASSAGQGWKEQYF,1
ISPRTLNAW,CASTYDRGFTGELFF,1
ISPRTLNAW,CASSSSTGQQPQHF,1
ISPRTLNAW,CASRPGQGGYEQYF,1
ISPRTLNAW,CASSQDGLLNSYEQYF,1
ISPRTLNAW,CASSLKLADEQFF,1
ISPRTLNAW,CASSQDRIHTEAFF,1
ISPRTLNAW,CASSPWTYGTGTLNEKLFF,1
ISPRTLNAW,CASSGTQVQPQHF,1
ISPRTLNAW,CASSAGQGWKGQYF,1
ISPRTLNAW,CASFLNTEAFF,1
ISPRTLNAW,CASSFGTGGVGELFF,1
ISPRTLNAW,CASSARQGSRTDTQYF,1
ISPRTLNAW,CASSRYEQYF,1
ISPRTLNAW,CSALQLGGAGANEQFF,1
ISPRTLNAW,CASSSGTSGSAGYNEQF,1
ISPRTLNAW,CASSSATGITGELFF,1
ISPRTLNAW,CASSIQGLRATNEKLF,1
ISPRTLNAW,CASGLGRGWNTEAFF,1
ISPRTLNAW,CASSLGLDETQYF,1
ISPRTLNAW,CASNAGQGWKEQYF,1
ISPRTLNAW,CASSQDRIHTEAF,1
ISPRTLNAW,CASSTNNEQF,1
ISPRTLNAW,CASRSPLGYEQYF,1
KLSALGINAV,ASSFITSGFPYEQY,1
KLSALGINAV,ASSPQGDSASSGNTIY,1
KLSALGINAV,ATSDSGLAGDYNEQF,1
KLSALGINAV,CASSRAVSGNTIYF,1
KLSALGINAV,ASSWDPTYNEQF,1
KLSALGINAV,ASSRAVSGNTIY,1
KLSALGINAV,ASSFPGTGGNIQY,1
KLSALGINAV,ASSWGGETQY,1
KLSALGINAV,ASSYLGSGANVLT,1
KLSALGINAV,ASSLGTAITDTQY,1
KLSALGINAV,ASSVSALGSDTQY,1
KLSALGINAV,CASSFITSGFPYEQYF,1
KLSALGINAV,ASSLAGQGANEKLF,1
KLSALGINAV,ASSPEGVGGGEQY,1
KLSALGINAV,ASSVDWGSGDEQY,1
KLSALGINAV,CASSWDPTYNEQFF,1
KLSALGINAV,ASSGDRNQPQH,1
KLSALGINAV,ASSKDRNQPQH,1
KLSALGINAV,ASSQDRNYGYT,1
KLSALGINAV,AWSVPGVGGNEQF,1
KLSALGINAV,SALRLDTDTQY,1
KLSALGINAV,ASSERVAGGSTGELF,1
KLSALGINAV,AWSVRGIGGNTIY,1
KLSALGINAV,CATSDSGLAGDYNEQFF,1
KLSALGINAV,ASSVGGGGNEQF,1
KLSALGINAV,ASSFLAGPQETQY,1
KLSALGINAV,ASALSWEGLAESYEQY,1
KLSALGINAV,CASSGDRNQPQHF,1
AYAQKIFKI,CASSYSEGLADGYTF,1
AYAQKIFKI,CAWSGNDYGYTF,1
AYAQKIFKI,CASSSGGGGLDGYTF,1
AYAQKIFKI,CASSYGAGGYNEQFF,1
AYAQKIFKI,CASSISEYNEQFF,1
AYAQKIFKI,CASSPVTGGGSGANVLTF,1
AYAQKIFKI,CASSPLSGGTEAFF,1
AYAQKIFKI,CASMGPIEAFF,1
AYAQKIFKI,CASRTPPSLSSTDTQYF,1
AYAQKIFKI,CASSPPKGRGSYEQYF,1
AYAQKIFKI,CAISIASYNEQFF,1
AYAQKIFKI,CSVEPGRTGHLNEQFF,1
AYAQKIFKI,CASSLMRGGTYNSPLHF,1
AYAQKIFKI,CASSQVDSYGYTF,1
AYAQKIFKI,CASSLPLAGAYNEQFF,1
AYAQKIFKI,CASSLASGRSTEAFF,1
AYAQKIFKI,CASSPIFRNSNQPQHF,1
AYAQKIFKI,CASSLGIAGGLGQTQYF,1
AYAQKIFKI,CASSVRSSMNTEAFF,1
AYAQKIFKI,CAWSVSEQFF,1
AYAQKIFKI,CSARVFGGDSQETQYF,1
AYAQKIFKI,CASSLTANYGYTF,1
AYAQKIFKI,CASSSPTSVEQYF,1
AYAQKIFKI,CSARDLGLAGDEQYF,1
AYAQKIFKI,CASSLAQGAGGELFF,1
AYAQKIFKI,CATSETGGVDEQFF,1
AYAQKIFKI,CASSLRDRGHEQYF,1
AYAQKIFKI,CASSPGREGYNEQFF,1
KLWASPLHV,CASSPGTAYEQYF,1
KLWASPLHV,CASSFGQNYEQYF,1
KLWASPLHV,CASSVAGGYEQYF,1
KLWASPLHV,CASSVGGGSNQPQHF,1
KLWASPLHV,CASSQGEGYEQYF,1
KLWASPLHV,CASSPGTGYEQYF,1
KLWASPLHV,CASSPAPAYEQYF,1
KLWASPLHV,CASAPGPVYEQYF,1
KLWASPLHV,CASSLEDSANYGYTF,1
KLWASPLHV,CASSQVVVGYGYTF,1
KLWASPLHV,CASSVSTNYEQYF,1
KLWASPLHV,CSARDVGISYEQYF,1
KLWASPLHV,CASSQAGDGSYEQYF,1
KLWASPLHV,CASSYGTGYEAFF,1
KLWASPLHV,CASTPGTEAFF,1
KLWASPLHV,CASSPDRFYEQYF,1
KLWASPLHV,CASSVGGGYEQYF,1
KLWASPLHV,CASSPSQGYGYTF,1
KLWASPLHV,CASSQGPNYEQYF,1
KLWASPLHV,CASSAGQGYEQYF,1
KLWASPLHV,CASSPSGGVYGYTF,1
KLWASPLHV,CASSVGGGEVEAFF,1
KLWASPLHV,CASSPGQGYEQYF,1
KLWASPLHV,CASSISPSSYEQYF,1
KLWASPLHV,CASSQATGYEQYF,1
FLASKIGRLV,CASSPFPSTDTQYF,1
FLASKIGRLV,CSARDRAGKETQYF,1
FLASKIGRLV,CASSSQVNYEQYF,1
FLASKIGRLV,CASRTGLASTDTQYF,1
FLASKIGRLV,CASSSTGELFF,1
FLASKIGRLV,CASSLGGSYEQYV,1
FLASKIGRLV,CASSQDMGWGTDTQYF,1
FLASKIGRLV,CASSQDPSRTYEQYF,1
FLASKIGRLV,CSAMTSGSSYEQYF,1
FLASKIGRLV,CASRRGTVYNEQFF,1
FLASKIGRLV,CASRVSGSLSYNEQFF,1
FLASKIGRLV,CASRVGNTEAFF,1
FLASKIGRLV,CASSWYGGTNYGYTF,1
FLASKIGRLV,CASSHIAGQETQYF,1
FLASKIGRLV,CASSPGTGLSYEQYF,1
FLASKIGRLV,CSVDLEANYGYTF,1
FLASKIGRLV,CASSQESGLAHNEQFF,1
FLASKIGRLV,CASSIGQGETQYF,1
FLASKIGRLV,CASSSTGSRQETQYF,1
FLASKIGRLV,CASSLGQDGYTF,1
FLASKIGRLV,CASSFRAPFDSPLHF,1
FLASKIGRLV,CASSEKGGRETQYF,1
FLASKIGRLV,CASSTDRAAQPQHF,1
GTSGSPIIDK,CASSYTFRDTKETQYF,1
GTSGSPIIDK,CASSGNEQFF,1
GTSGSPIIDK,CASSRAGGTASYEQYF,1
GTSGSPIIDK,CASSLGQGSYEQY,1
GTSGSPIIDK,CASTTGGGGYEQY,1
GTSGSPIIDK,CASSLGGGLQETQYF,1
GTSGSPIIDK,CASSQRSRDRGAFF,1
GTSGSPIIDK,CASSRGLNYEQYF,1
GTSGSPIIDK,CASSGPRDGRGNEKLFF,1
GTSGSPIIDK,CASSGGSGNIQYF,1
GTSGSPIIDK,CASSAFSGFQETQYF,1
GTSGSPIIDK,CAIRAGTATYGYTF,1
GTSGSPIIDK,CASRLAASYNEQFF,1
GTSGSPIIDK,CASSLIGGGNTEAFF,1
GTSGSPIIDK,CASSGGQGNIQYF,1
GTSGSPIIDK,CASSLGQGLLYGYT,1
GTSGSPIIDK,CATSRDRGISNYGYTF,1
GTSGSPIIDK,CASSLKGGWAYNEQFF,1
GTSGSPIIDK,CASRLNRGPGEQYF,1
GTSGSPIIDK,CASTKGFSGNTIYF,1
GTSGSPIIDK,CASSQMTGTGELFF,1
GTSGSPIIDK,CASSLGGGNQETQYF,1
IMDQVPFSV,CASSTTEAYEQYF,1
IMDQVPFSV,CASGFTFQGSPEAFF,1
IMDQVPFSV,CASSVGSGGRPSSYNEQFF,1
IMDQVPFSV,CASSEAGDTGELFF,1
IMDQVPFSV,CASSPRGGTADTQYF,1
IMDQVPFSV,CASSIIDRSGTEAFF,1
IMDQVPFSV,CASSLGTGDGYGYTF,1
IMDQVPFSV,ASSPGGNEQL,1
IMDQVPFSV,CASRPGGGGYTF,1
IMDQVPFSV,CASSLLPAGHEQYF,1
IMDQVPFSV,CASSLLQGTEAFF,1
IMDQVPFSV,CASSLGPVIQYF,1
IMDQVPFSV,CASSITLSSYNEQFF,1
IMDQVPFSV,CASSGPARDTQYF,1
IMDQVPFSV,CASSTTGGGNYEQYF,1
IMDQVPFSV,CASSPGQGGYEQYF,1
IMDQVPFSV,CASSSRDRSSSTEAFF,1
IMDQVPFSV,CASSTALAASYEQYF,1
IMDQVPFSV,CASSVGGRTGELFF,1
IMDQVPFSV,CASSLYTRNQPQHF,1
IMDQVPFSV,CATSTGWRTGTDTQYF,1
IMDQVPFSV,CATHGVSSRETQYF,1
RLGPYLEFL,CASSYVRAQETQYF,1
RLGPYLEFL,CASSFRRDTDTQYF,1
RLGPYLEFL,CASSVYSTDTQYF,1
RLGPYLEFL,CASSRGGLTDTQYF,1
RLGPYLEFL,CASSIGDYEQYF,1
RLGPYLEFL,CASSAGTIYNEQFF,1
RLGPYLEFL,CASSASEPSGETQYF,1
RLGPYLEFL,CASSLIDTGELFF,1
RLGPYLEFL,CASGQASSYNSPLHF,1
RLGPYLEFL,CASSIPSRTTNYGYTF,1
RLGPYLEFL,CATGLGGVSSPLHF,1
RLGPYLEFL,CASSVQSTDTQYF,1
RLGPYLEFL,RASSPRTGGEQYF,1
RLGPYLEFL,CASSQEEGPGNQPQHF,1
RLGPYLEFL,CASSISGGSYEQYF,1
RLGPYLEFL,CASSIQGNSNQPQHF,1
RLGPYLEFL,CASRPGGGSYNEQFF,1
RLGPYLEFL,CATSRGTGAGEQYF,1
RLGPYLEFL,CASKRMTGEAGQPQHF,1
RLGPYLEFL,CAIRDRLNTEAFF,1
RLGPYLEFL,CASSRKGDSPLHF,1
RLGPYLEFL,CASSATGTVNTEAFF,1
RLQSLQTYV,CASSGENTEAFF,1
RLQSLQTYV,CAFLGGSGANVLTF,1
RLQSLQTYV,CASSLMGSNGELFF,1
RLQSLQTYV,CASSQAVGGTNTDTQYF,1
RLQSLQTYV,CASSLENRPTYEQYF,1
RLQSLQTYV,CASSEAKSDAYEQYF,1
RLQSLQTYV,CASSLGGAGGADTQYF,1
RLQSLQTYV,CASSLSSTGDGYTF,1
RLQSLQTYV,CASSSSVNEQFF,1
RLQSLQTYV,CASSTTGEANEKLFF,1
RLQSLQTYV,CASSLAQGTYNEQFF,1
RLQSLQTYV,CASSPPGPSLNEQFF,1
RLQSLQTYV,CASSPRDREESEQYF,1
RLQSLQTYV,CASSPRGQGGTGELFF,1
RLQSLQTYV,CASSNSGSRIDGYTF,1
RLQSLQTYV,CASSHVSPNTGELFF,1
RLQSLQTYV,CASSLLDRNTEAFF,1
RLQSLQTYV,CATSVQGQTGELFF,1
RLQSLQTYV,CASSIDERAQPQHF,1
RLQSLQTYV,CASSIVEGASYEQYF,1
RLQSLQTYV,CASSGEGGHSNQPQHF,1
SLFNTVATL,CSARDLEVLSYEQYF,1
SLFNTVATL,CASSWGPGELFF,1
SLFNTVATL,CASKSEKGAGGSPLHF,1
SLFNTVATL,CASRTGLASTDTQYF,1
SLFNTVATL,CASSQTGLAYNSPLHF,1
SLFNTVATL,CASSLGVAGTNTGELFF,1
SLFNTVATL,CASSPLPRLAGEETQYF,1
SLFNTVATL,CASRASATQYF,1
SLFNTVATL,CASSQGGGGTDTQYF,1
SLFNTVATL,CASTGTSGGPTLRDEQFF,1
SLFNTVATL,CASSSYTGELFF,1
SLFNTVATL,CASSLGGGPQETQYF,1
SLFNTVATL,CASKSERGTYEQYF,1
SLFNTVATL,CASSLGQDGYTF,1
SLFNTVATL,CASRPSGGAETQYF,1
SLFNTVATL,CASSLEWGGETQYF,1
SLFNTVATL,CASSARTGVGYGYTF,1
SLFNTVATL,CASSPLGQDTQYF,1
SLFNTVATL,CASSPTGNWNTDTQYF,1
SLFNTVATL,CASSLDGLGAFF,1
SLFNTVATL,CASSQEGEKLFF,1
VAANIVLTV,CASSSVGVDTQYF,1
VAANIVLTV,CASSEVGQGFNGYTF,1
VAANIVLTV,CASSFGNSYEQYF,1
VAANIVLTV,CASSDQETQYF,1
VAANIVLTV,CASSQEGTAYEQYF,1
VAANIVLTV,CASSIEGPTGELFF,1
VAANIVLTV,CASSFGNEQFF,1
VAANIVLTV,CASSIEGPTGELF,1
VAANIVLTV,CASSIFPNPGNTIYF,1
VAANIVLTV,CASTLTGFAEAFF,1
VAANIVLTV,CASSPFLTGSNTEAFF,1
VAANIVLTV,CASYPGTSGSYEQYF,1
VAANIVLTV,CASGGSSYEQYF,1
VAANIVLTV,CASSPWTGIPYNSPLHF,1
VAANIVLTV,CASRAGSFSTDTQYF,1
VAANIVLTV,CASSIVSSSYNEQFF,1
VAANIVLTV,CASSSGGGNEQFF,1
VAANIVLTV,CASQSYRVGSEQYF,1
VAANIVLTV,CASSPSWLSGVTQYF,1
VAANIVLTV,CASNLRDTGNEQFF,1
RLRPGGKKK,CASSPGWGSYEQYF,1
RLRPGGKKK,CASSFFLSRERDEQFF,1
RLRPGGKKK,CASSPGWGLDEQFF,1
RLRPGGKKK,CASSLWGERLNTEAFF,1
RLRPGGKKK,CATSNDRDLDEQFF,1
RLRPGGKKK,CASSLGWGPNEQFF,1
RLRPGGKKK,CASSLDRNTGELFF,1
RLRPGGKKK,CASSPGWGNTEAFF,1
RLRPGGKKK,CASSLSGEAGGRYNEQFF,1
RLRPGGKKK,CASSVGWGSETQYF,1
RLRPGGKKK,CASSHGLAGVGETQYF,1
RLRPGGKKK,CASSSDRSFYGYTF,1
RLRPGGKKK,CATSDDGTPNNEQFF,1
RLRPGGKKK,CASRDSSYEQYF,1
RLRPGGKKK,CASSLDRGVGGYTF,1
RLRPGGKKK,CASSPQRGFYEQYF,1
RLRPGGKKK,CASSPGLDGEQYF,1
RLRPGGKKK,CASSDTLNTEAFF,1
RLRPGGKKK,CASATIMGGRASNEQFF,1
QYIKWPWYI,CAGKSTGELFF,1
QYIKWPWYI,CASCPSWGSGANVLTF,1
QYIKWPWYI,CASSQSGGGEQFF,1
QYIKWPWYI,CASSQDYWGGGADTQYF,1
QYIKWPWYI,CSARTISQGAHYEQYF,1
QYIKWPWYI,CSVDPGQFYNEQFF,1
QYIKWPWYI,CASSLSTTTASYEQYF,1
QYIKWPWYI,CASSFHPGQDRGNSPLHF,1
QYIKWPWYI,CASTPWGAEAFF,1
QYIKWPWYI,CASSALVAFSTDTQYF,1
QYIKWPWYI,CASSVGATGAYEQYF,1
QYIKWPWYI,CSVEDPMGVGTEAFF,1
QYIKWPWYI,CASSLGETIYGYTF,1
QYIKWPWYI,CSARDQDRAYEQYF,1
QYIKWPWYI,CASSSLAGEVNEQFF,1
QYIKWPWYI,CASSWNGLAGDEQFF,1
QYIKWPWYI,CASSSYTQRGLDYTGELFF,1
QYIKWPWYI,CASSLVGEGRGREQYF,1
LLDFVRFMGV,CASSIAPGSEQYF,1
LLDFVRFMGV,CASSSTGGGEKDQPQHF,1
LLDFVRFMGV,CASSVGTGDHQPQHF,1
LLDFVRFMGV,CAWSVSASEQFF,1
LLDFVRFMGV,CASSNTGRREQYF,1
LLDFVRFMGV,CASSISLAAEQFF,1
LLDFVRFMGV,CASTARALNTGELFF,1
LLDFVRFMGV,CASSIALASEQFF,1
LLDFVRFMGV,CASSRTGTSYEQYF,1
LLDFVRFMGV,CASSERYEETQYF,1
LLDFVRFMGV,CASSTYMTNTEAFF,1
LLDFVRFMGV,CASSYPPVYLAGWQFRKFF,1
LLDFVRFMGV,CAIKVTENTEAFF,1
LLDFVRFMGV,CASSLAGVNEQFF,1
LLDFVRFMGV,CASSKVWGTGRETYEQYF,1
LLDFVRFMGV,CASSEALFTGQRPPWANVLTF,1
LLDFVRFMGV,CSAGGNTEAFF,1
LLDFVRFMGV,CASSLTGESYEQYF,1
FLYNLLTRV,CASSLGQTVTQETQYF,1
FLYNLLTRV,CASSLGGLVYNEQFF,1
FLYNLLTRV,CASGLDTQYF,1
FLYNLLTRV,CASSQDEGYEQYF,1
FLYNLLTRV,CASTAGGGTDTQYF,1
FLYNLLTRV,CASSYSPGAYTEAFF,1
FLYNLLTRV,CASSQDTGYEQYF,1
FLYNLLTRV,CASSYSDAGGYYEQYF,1
FLYNLLTRV,CASSYASTGTLNYGYTF,1
FLYNLLTRV,CASSDDIVTDTQYF,1
FLYNLLTRV,CASSSDLRTNYNEQFF,1
FLYNLLTRV,CSVWKENAFEQFF,1
FLYNLLTRV,CSAAYNTFGEQFF,1
FLYNLLTRV,CASSLTGVDGYTF,1
FLYNLLTRV,CASSPGRTQYF,1
FLYNLLTRV,CASSQGTSGTDTQYF,1
FLYNLLTRV,CASSLESTANTEAFF,1
YLAMPFATPMEAELARRSLA,CASSFGRLAGGPGTDTQYF,1
YLAMPFATPMEAELARRSLA,CASSLRGNEQF,1
YLAMPFATPMEAELARRSLA,CASRTGTSDHEQYF,1
YLAMPFATPMEAELARRSLA,CASSSTGGGGTEAF,1
YLAMPFATPMEAELARRSLA,CASSFGQAEKLF,1
YLAMPFATPMEAELARRSLA,CASSGRSGANVLTF,1
YLAMPFATPMEAELARRSLA,CASSGTGTLSYEQYF,1
YLAMPFATPMEAELARRSLA,CASSLLGTDRPQHF,1
YLAMPFATPMEAELARRSLA,CASSLDGGNTGELF,1
YLAMPFATPMEAELARRSLA,CASSLVGTNIQYF,1
YLAMPFATPMEAELARRSLA,CASSRSGTGFLEQYF,1
YLAMPFATPMEAELARRSLA,CASSDTTTDTQYF,1
YLAMPFATPMEAELARRSLA,CAIGTGDSNQPQHF,1
YLAMPFATPMEAELARRSLA,CATSTNGRDLF,1
YLAMPFATPMEAELARRSLA,CASSLRGNEQFF,1
YLAMPFATPMEAELARRSLA,CASSLQRFRETQYF,1
YLAMPFATPMEAELARRSLA,CASSLDTDTQYF,1
NLSALGIFST,CASSTLRYEQYF,1
NLSALGIFST,CASSVATLRVSTNEKLFF,1
NLSALGIFST,CASSQVGQAIYGYTF,1
NLSALGIFST,CATSDRGQGANWDEQFF,1
NLSALGIFST,CASSLEVTYEQYF,1
NLSALGIFST,CASSGSKGAAGELFF,1
NLSALGIFST,CATSDFGTEAFF,1
NLSALGIFST,CASSPLDNWEQFF,1
NLSALGIFST,CSARQGQGFLYEQYF,1
NLSALGIFST,CASSATFNDNEKLFF,1
NLSALGIFST,CSVEDRGVSYEQYF,1
NLSALGIFST,CASSLAGEGGNTIYF,1
NLSALGIFST,CASGLDIHAFF,1
NLSALGIFST,CASSFEGNTGELFF,1
NLSALGIFST,CASSEGQNYGYTF,1
NLSALGIFST,CASSPETGIGGQPQHF,1
NLSALGIFST,CASSIQRNYGYTF,1
TAFTIPSI,CASSLTGNTEAFF,1
TAFTIPSI,CASAQGRGTEAFF,1
TAFTIPSI,CASSLTGGNTIYF,1
TAFTIPSI,CATSDLQGVRGVNEQFF,1
TAFTIPSI,CASSSNPIVPQETQYF,1
TAFTIPSI,ASSLTGGGELF,1
TAFTIPSI,CATSDLQGVRGVNEQF,1
TAFTIPSI,CASSSTGGNTIYF,1
TAFTIPSI,CASSLTGGGELFF,1
TAFTIPSI,CASSSGRGGEQYF,1
TAFTIPSI,CASRKWNGELFF,1
TAFTIPSI,CASSRGAESYNSPLHF,1
TAFTIPSI,CASSRRGEGHNEQFF,1
TAFTIPSI,CASSLTGGGKLFF,1
TAFTIPSI,CASSPPGGRADTQYF,1
TAFTIPSI,CASSLTGGARARLFF,1
KMVAVFYNT,CASSPITNTGELFF,1
KMVAVFYNT,CASSYPSTGSSYEQYF,1
KMVAVFYNT,CASSEIQAFEETQYF,1
KMVAVFYNT,CASSEFRDRNQPQHF,1
KMVAVFYNT,CASSFGGLYGYTF,1
KMVAVFYNT,CASSLPDNNEQFF,1
KMVAVFYNT,CASSQGPNFNEKLFF,1
KMVAVFYNT,CASSVGSGEQYF,1
KMVAVFYNT,CASSPPDGQGDYGYTF,1
KMVAVFYNT,CASSRYGGPSDNEQFF,1
KMVAVFYNT,CASSGSGASTDTQYF,1
KMVAVFYNT,CASSVSGSGTGELFF,1
KMVAVFYNT,CASSPGGGELFF,1
KMVAVFYNT,CASSEHRDHEQFF,1
KMVAVFYNT,CASSPWEMNTEAFF,1
KMVAVFYNT,CASSVVGARTDTQYF,1
FMLYLLTLM,CASSSVGGSYEQYF,1
FMLYLLTLM,CASSLGRSSYEQYF,1
FMLYLLTLM,CASSRGGTGLAGELFF,1
FMLYLLTLM,CSVAGGTEAFF,1
FMLYLLTLM,CASNTGYQETQYF,1
FMLYLLTLM,CAISEAGPGSANTEAFF,1
FMLYLLTLM,CASSYHSSYEQYF,1
FMLYLLTLM,CASSQDPGSNQPQHF,1
FMLYLLTLM,CSARDLQGTSWVEQFF,1
FMLYLLTLM,CASSWLNTEAFF,1
FMLYLLTLM,CASSPAVGTGDEKLFF,1
FMLYLLTLM,CASSYGVNTEAFF,1
FMLYLLTLM,CASSSLGGYEQYF,1
FMLYLLTLM,CSARGMRPEQYF,1
FMLYLLTLM,CASNLGGDNEQFF,1
FMLYLLTLM,CASSTYYEQFF,1
GLNKIVRMY,CASSVEGTILTDTQYF,1
GLNKIVRMY,CASSLQGAPEQFF,1
GLNKIVRMY,CASSEAGGTEAFF,1
GLNKIVRMY,CASSPSFPPDTQYF,1
GLNKIVRMY,CASSSPGGVTEAFF,1
GLNKIVRMY,CASSLDSGFLEQYF,1
GLNKIVRMY,CASSDNGGDRSPGELFF,1
GLNKIVRMY,CSARDRADRVLIPDTQYF,1
GLNKIVRMY,CASSPQQTLGAFF,1
GLNKIVRMY,CASSVEGTIHTDTQYF,1
GLNKIVRMY,CASSPPSSYNEQF,1
GLNKIVRMY,CSASPVGGAYEQYF,1
GLNKIVRMY,CTSRLDPGFLEQYF,1
GLNKIVRMY,CASSLQGAPEQF,1
GLNKIVRMY,CAISESGGRVDEQYF,1
GLNKIVRMY,CASSLQQTLGAFF,1
SLLMWITQC,SVDGSNQPQ,1
SLLMWITQC,ASSYLGNTGELF,1
SLLMWITQC,ASSFPREPNYGYT,1
SLLMWITQC,SVTGTGGG,1
SLLMWITQC,ASKWGGTEAF,1
SLLMWITQC,ASSYVGNTGELF,1
SLLMWITQC,QQGGTEA,1
SLLMWITQC,VGAAGE,1
SLLMWITQC,CASSYVGNTGELFF,1
SLLMWITQC,VGLAGE,1
SLLMWITQC,CASSYLGNTGELFF,1
SLLMWITQC,SLGGTEA,1
SLLMWITQC,ASSNQIYGYT,1
SLLMWITQC,RTGLDGY,1
SLLMWITQC,SYVGGKAEA,1
CTELKLNDY,CAISESQGPGGETQYF,1
CTELKLNDY,CASSVESSGSPYQFF,1
CTELKLNDY,CAIGGDGSYEQYF,1
CTELKLNDY,CASSQDNPYGANTEAFF,1
CTELKLNDY,CAISESLGADTQYF,1
CTELKLNDY,CASSATGDATDTQYF,1
CTELKLNDY,CASSQDGAGTPFTEAFF,1
CTELKLNDY,CAGRDHTDTQYF,1
CTELKLNDY,CAISEFQGPGGETQYF,1
CTELKLNDY,CSAGGLAGEETQYF,1
CTELKLNDY,CAISESIGLDEQYF,1
CTELKLNDY,CAISGWTGEGSEQYF,1
CTELKLNDY,CAISEEGTGFYGYTF,1
CTELKLNDY,CASSQDGISTGDQPQHF,1
CTELKLNDY,CAISESNGADTQYF,1
KTWGQYWQV,CASSQGMGQGSGNTEAFF,1
KTWGQYWQV,CASSLGLEGTNQPQHF,1
KTWGQYWQV,CASSLEIAQETQYF,1
KTWGQYWQV,CASSQLFNLGQGFPGNTIYF,1
KTWGQYWQV,CASSRGQINQPQHF,1
KTWGQYWQV,CASSLGGGTGELFF,1
KTWGQYWQV,CASSLGGGVLFF,1
KTWGQYWQV,CSASQGLNTGELFF,1
KTWGQYWQV,CASSEVQGSTYEQYV,1
KTWGQYWQV,CASSLAGGVDTQYF,1
KTWGQYWQV,CASSYSWDRGINTEAFF,1
KTWGQYWQV,CASSLAGGTDTQYF,1
KTWGQYWQV,CASSQDPVTSGGRSYEQFF,1
KTWGQYWQV,CASSQEDWYNEQFF,1
KTWGQYWQV,CSARAYGTSTTSTDTQYF,1
CVNGSCFTV,CASSPTVAGEQFF,1
CVNGSCFTV,CASSSPRTGYNYGYTF,1
CVNGSCFTV,CSARTEGAEAFF,1
CVNGSCFTV,CSARVPDSNTGELFF,1
CVNGSCFTV,CASNPLSAGNQPQHF,1
CVNGSCFTV,CASSPTSGGNNEQFF,1
CVNGSCFTV,CASSYWTGSSAETQYF,1
CVNGSCFTV,CASTSGNTGELFF,1
CVNGSCFTV,CSARTSGDFGEQFF,1
CVNGSCFTV,CASSNSEGSGANVLTF,1
CVNGSCFTV,CASSEDQGLTATYEQYF,1
CVNGSCFTV,CSVEDGYEQYF,1
CVNGSCFTV,CASSQDRGVLVLIDQPQHF,1
CVNGSCFTV,CASSPLYVALREQYF,1
LLSIIFFPA,CASSFRQTLAVYEQYF,1
LLSIIFFPA,CASRDSVGGGEGYTF,1
LLSIIFFPA,CASSFMGQGESGYTF,1
LLSIIFFPA,CASSLVGAEAFF,1
LLSIIFFPA,CASSLEGEKLFF,1
LLSIIFFPA,CASSYSTGGTDTQYF,1
LLSIIFFPA,CASSEAEAGAYTQYF,1
LLSIIFFPA,CASRMGSTAFF,1
LLSIIFFPA,CASGGLSYGYTF,1
LLSIIFFPA,CASSVPGQGVLEQYF,1
LLSIIFFPA,CASSGRDRNF,1
LLSIIFFPA,CASSEVEGPGELFF,1
LLSIIFFPA,CASSPGGYYGYTF,1
LLSIIFFPA,CASSQGPGTGFEGYTF,1
MTLHGFMMY,CASSESENSYGYTF,1
MTLHGFMMY,CASSLTGGGNYGYTF,1
MTLHGFMMY,CASSTRLARNNEQFF,1
MTLHGFMMY,CASSYHGQGAVDTQYF,1
MTLHGFMMY,CASSLTGRETQYF,1
MTLHGFMMY,CASSLILDSPLHF,1
MTLHGFMMY,CASSFLADGELFF,1
MTLHGFMMY,CASSLDLDSDGYTF,1
MTLHGFMMY,CASSEGDRETGELFF,1
MTLHGFMMY,CASSVTFRTGPMYGYTF,1
MTLHGFMMY,CASSPPGSKAYGYTF,1
MTLHGFMMY,CASSEGYWGTGRDTQYF,1
MTLHGFMMY,CASSLSWGETQYF,1
MTLHGFMMY,CASGTAGGPSTDTQYF,1
VSFIEFVGW,CASSPTGTSHTGELFF,1
VSFIEFVGW,CASSPLGHRDTEAFF,1
VSFIEFVGW,CASSEGEGQGHYGYTF,1
VSFIEFVGW,CASRGMTPPTQYF,1
VSFIEFVGW,CSARGEGGSYNEQFF,1
VSFIEFVGW,CASTGWVTDTQYF,1
VSFIEFVGW,CASSPDGELFF,1
VSFIEFVGW,CASSMLGGGRDEQFF,1
VSFIEFVGW,CSARQEGGSYNEQFF,1
VSFIEFVGW,CASSQGSGATNEQFF,1
VSFIEFVGW,CASSDTGGNQPQHF,1
VSFIEFVGW,CATLISQGSRAGELFF,1
VSFIEFVGW,CSAREIGGRHQPQHF,1
VSFIEFVGW,CASSQGPGQEHYGYTF,1
VLEETSVML,CASSLGNYEQYF,1
VLEETSVML,CASSLVSGGWTEAFF,1
VLEETSVML,CASSWDSQSSGNSIYF,1
VLEETSVML,CASSVRQEPYNEQFF,1
VLEETSVML,CASSVRQEPYNEQF,1
VLEETSVML,CASSPVGGSMAKNIQYF,1
VLEETSVML,CASSLQRGRTDTQYF,1
VLEETSVML,CASSLDSQSSGNTIYF,1
VLEETSVML,CASKWGRDLWQPQHF,1
VLEETSVML,CASSLSTGGALGTIYF,1
VLEETSVML,CASSQETDLRSQPQHF,1
VLEETSVML,CSVSEGASEQYF,1
VLEETSVML,CASSLDSIASGNTIYF,1
VLEETSVML,CSVGQGATEQYF,1
ARMILMTHF,CASSTKQGWYEQYF,1
ARMILMTHF,CASRLGASSYNEQFF,1
ARMILMTHF,CASSIVGHMNTEAFF,1
ARMILMTHF,CSASITGTEQYF,1
ARMILMTHF,CASSIVGHLNTEAFF,1
ARMILMTHF,CASREDGGGYEQYF,1
ARMILMTHF,CASSYSNLPVFSPNQPQHF,1
ARMILMTHF,CASSFDGQGYEQYF,1
ARMILMTHF,CASSLDASSASYEQYF,1
ARMILMTHF,CASSLKGQVGEQYF,1
ARMILMTHF,CASSEGSHSNQPQHF,1
ARMILMTHF,CASSLYGGSNTGELFF,1
ARMILMTHF,CASSYGQAYQPQHF,1
ARMILMTHF,CASSFDSGAYEQYF,1
LMFWASSSI,CASSERGHYGYTF,1
LMFWASSSI,CASSFGVGQPQHF,1
LMFWASSSI,CASSEQGGERRNTEAFF,1
LMFWASSSI,CASTRELSYNEQFF,1
LMFWASSSI,CASSIRVSGANVLTF,1
LMFWASSSI,CASSLSGGPQHF,1
LMFWASSSI,CASSVEGSSYNEQFF,1
LMFWASSSI,CASSIQGALTDTQYF,1
LMFWASSSI,CASSQDWGNEQFF,1
LMFWASSSI,CASSQEQLGGEQYF,1
LMFWASSSI,CASSPPGTYNEQFF,1
LMFWASSSI,CASSEGSEAFF,1
LMFWASSSI,CASSLEFGADTQYF,1
AVGSYVYSV,CASSVEGVADTQYF,1
AVGSYVYSV,CASSLATEQFF,1
AVGSYVYSV,CASTEGQGGEQYF,1
AVGSYVYSV,CASSVEGVADEQYF,1
AVGSYVYSV,CASSRDGFEKLFF,1
AVGSYVYSV,CASSGELRGAEKLFF,1
AVGSYVYSV,CASSVEGSTEAFF,1
AVGSYVYSV,CASSVEGAHPIQETQYF,1
AVGSYVYSV,CASILGLTTYNEQFF,1
AVGSYVYSV,CASSVEGSGETQYF,1
AVGSYVYSV,CASSLGDRGPQPQHF,1
AVGSYVYSV,CASSFRGEAFF,1
AVGSYVYSV,CASSLGNGGWAEAFF,1
NYNYLYRLF,CASSEGQGYEQFF,1
NYNYLYRLF,CASSLLGGYEQYF,1
NYNYLYRLF,CAWSVTGVTEAFF,1
NYNYLYRLF,CASSQGPGPYEQYF,1
NYNYLYRLF,CASSRGSGVSYEQYF,1
NYNYLYRLF,CASSEWGQGVAYGYTF,1
NYNYLYRLF,CASSLASGYEQYF,1
NYNYLYRLF,CASSEFRSYEQYF,1
NYNYLYRLF,CASSERTGYEQYF,1
NYNYLYRLF,CASSESQGYEQYF,1
NYNYLYRLF,CASASGQGYEQYF,1
NYNYLYRLF,CASSETGGYEQYF,1
NYNYLYRLF,CASSEGQGYEQYF,1
VLNYFEPYL,CSASSPDREADGYTF,1
VLNYFEPYL,CASSLIGGAQNIQYF,1
VLNYFEPYL,CASSEGQGSRQPQHF,1
VLNYFEPYL,CASSLIDSPYEQYF,1
VLNYFEPYL,CASSQDDRGFYEQYF,1
VLNYFEPYL,CASSGELTDTQYF,1
VLNYFEPYL,CASSRIANNNNEQFF,1
VLNYFEPYL,CASSSWTGGNEQYF,1
VLNYFEPYL,CASSIVDRPYEQYF,1
VLNYFEPYL,CASSYARGYNEQFF,1
VLNYFEPYL,CASSSWTGWYEQYF,1
VLNYFEPYL,CASSPGTTTNEKLFF,1
ILNVDIFTL,CSARGGTDGYTF,1
ILNVDIFTL,CASSLGQGWETQYF,1
ILNVDIFTL,CASSPRGVGTEAFF,1
ILNVDIFTL,CASSSQGGAKNEQYF,1
ILNVDIFTL,CSVRLTDYNEQFF,1
ILNVDIFTL,CASSLGPMEENIQYF,1
ILNVDIFTL,CASSIFTRRGYEQYF,1
ILNVDIFTL,CASRMGSTAFF,1
ILNVDIFTL,CAWSVSVYYGYTF,1
ILNVDIFTL,CSARTWTGNTIYF,1
ILNVDIFTL,CASTESSYNEQFF,1
RLRPGGKKR,CASSLERETEAFF,1
RLRPGGKKR,CATSDDGASDGNEQFF,1
RLRPGGKKR,CASSAGNGSYEQYF,1
RLRPGGKKR,CASSNGVGIAEAFF,1
RLRPGGKKR,CASSLGVDSLTDTQYF,1
RLRPGGKKR,CASSQDPAGWGTDTQYF,1
RLRPGGKKR,CASSQDPAGVGTDTQYF,1
RLRPGGKKR,CASSLDRAGDTQYF,1
RLRPGGKKR,CASSLDWGTFGEQYF,1
RLRPGGKKR,CASSEDESYEQYF,1
RLRPGGKKR,CASSEWNTEAFF,1
CYTWNQMNL,CSAMGQGARGRRGYNSPLHF,1
CYTWNQMNL,CASRPGTGGNTEAFF,1
CYTWNQMNL,CASSYGGTSGGPFF,1
CYTWNQMNL,CASSQGTGQGETQYF,1
CYTWNQMNL,CASSLSVIAGGRETQYF,1
CYTWNQMNL,CASSHWHGTVLNQPQHF,1
CYTWNQMNL,CASSYLLTGTSRQETQYF,1
CYTWNQMNL,CASSLESGFLSGYTF,1
CYTWNQMNL,CASSRRWGQGTWRGYEQYF,1
CYTWNQMNL,CASSQDGGDETPNTEAFF,1
CYTWNQMNL,CASSFGTGAGGELFF,1
MLDLQPETT,CASSLLAHTGELFF,1
MLDLQPETT,CASSNKVADTQYF,1
MLDLQPETT,CASSPRDRTGGYTF,1
MLDLQPETT,CAISGAGLRYNSPLHF,1
MLDLQPETT,CASSLYVSYPKNTIYF,1
MLDLQPETT,CASSYGTSGYNEQFF,1
MLDLQPETT,CASSSPRGLEYF,1
MLDLQPETT,CASGARPQETQYF,1
MLDLQPETT,CASSTPRGGYTF,1
MLDLQPETT,CASSPTGGRYGYTF,1
MLDLQPETT,CASSLSVRGSTEAFF,1
FLTVFSHFM,CASSRTGSLNYGYTF,1
FLTVFSHFM,CASLGLQETQYF,1
FLTVFSHFM,CSARSGGTEAFF,1
FLTVFSHFM,CSARTGIGPYEQYF,1
FLTVFSHFM,CASSLSYEQYF,1
FLTVFSHFM,CAWSWTVNTEAFF,1
FLTVFSHFM,CASSLTVYNEQFF,1
FLTVFSHFM,CASSTLIGSGNTIYF,1
FLTVFSHFM,CSGDAFF,1
FLTVFSHFM,CASSQDRGKDTQYF,1
ITDQVPFSV,ASSPGGNEQL,1
ITDQVPFSV,CASSTTEAYEQYF,1
ITDQVPFSV,CASGFTFQGSPEAFF,1
ITDQVPFSV,CASSITLSSYNEQFF,1
ITDQVPFSV,CASSTTGGGNYEQYF,1
ITDQVPFSV,CASSTALAASYEQYF,1
ITDQVPFSV,CASSVGSGGRPSSYNEQFF,1
ITDQVPFSV,CASSMGGTYEQYF,1
ITDQVPFSV,CASSSRDRSSSTEAFF,1
ITDQVPFSV,CATHGVSSRETQYF,1
LLAMTVPNV,CSAETGRDLEAFF,1
LLAMTVPNV,CASSGRQGSYEQYF,1
LLAMTVPNV,CASSEGYGGGQYF,1
LLAMTVPNV,CASSQDGQGVFETQYF,1
LLAMTVPNV,CASSLVPSGQANTEAFF,1
LLAMTVPNV,CASSLDFQGPRDF,1
LLAMTVPNV,CASSQWGGNEQFF,1
LLAMTVPNV,CASALGSGGAYEQFF,1
LLAMTVPNV,CASSVDFGRTYNEQFF,1
LLAMTVPNV,CASSGSGGFTEAFF,1
TLWCSPIKV,CASGSSGQGEYGELFF,1
TLWCSPIKV,CASSLIQVGYEQYF,1
TLWCSPIKV,CASGGAIDTDTQYF,1
TLWCSPIKV,CASSSGLAGEQFF,1
TLWCSPIKV,CASSEDLLRDTHQPQHF,1
TLWCSPIKV,CASSLDRKAFF,1
TLWCSPIKV,CASSLGPVYEQYF,1
TLWCSPIKV,CASSEGHFSGNTIYF,1
TLWCSPIKV,CASSFFGSNQPQHF,1
TLWCSPIKV,CASSFSNDYEQYF,1
LLGATCMFV,CASSGTGGYSGANVLTF,1
LLGATCMFV,CASSFLTGTGELFF,1
LLGATCMFV,CASSLERLRVYSGYTF,1
LLGATCMFV,CASSWTGANYGYTF,1
LLGATCMFV,CASSALAGGQADTQYF,1
LLGATCMFV,CASRGPYHNEQFF,1
LLGATCMFV,CATSDSTGSYGYTF,1
LLGATCMFV,CASSFVNTGELFF,1
LLGATCMFV,CASSLGDTEQFF,1
FLIYLDVSV,CASSVGTGYEQYF,1
FLIYLDVSV,CASSPPGRYYEQYF,1
FLIYLDVSV,CSSPGREGPQYF,1
FLIYLDVSV,CASSQDRGNEQFF,1
FLIYLDVSV,CASSEGLGWEQFF,1
FLIYLDVSV,CASSPTGNEQFF,1
FLIYLDVSV,CASSQYAVRVGDTEAFF,1
FLIYLDVSV,CATSEGPGQGISGANVLTF,1
FLIYLDVSV,CASSQGQGSLQYF,1
LLSIISFPA,CASSFRQTLAVYEQYF,1
LLSIISFPA,CASSVPGTPNTEAFF,1
LLSIISFPA,CASSFMGQGESGYTF,1
LLSIISFPA,CASSLVGAEAFF,1
LLSIISFPA,CASGRSGEDYGYTF,1
LLSIISFPA,CASSYSTGGTDTQYF,1
LLSIISFPA,CASRMGSTAFF,1
LLSIISFPA,CASSLYFWLAESEQYF,1
LLSIISFPA,CASSGRDRNF,1
NLFNRYPAL,CASSEWDTEAFF,1
NLFNRYPAL,CASSLAKMDLPLAKNIQYF,1
NLFNRYPAL,CASSSPSGGRTDTQYF,1
NLFNRYPAL,CASSLMGAEAFF,1
NLFNRYPAL,CASSLGGDEQYF,1
NLFNRYPAL,CASSLYVYSYEQYF,1
NLFNRYPAL,CASSQVLGFSYEQYF,1
NLFNRYPAL,CASSVGDFNYGYTF,1
NLFNRYPAL,CATSRWTGNEQFF,1
KLMNIQQQL,CSADVGGQNEQYF,1
KLMNIQQQL,CASGDSGALEFF,1
KLMNIQQQL,CASTDTGELFF,1
KLMNIQQQL,CSVEGLRGGNEQFF,1
KLMNIQQQL,CASGKGDTEAFF,1
KLMNIQQQL,CASSLGPGGASYTF,1
KLMNIQQQL,CASRGGDGETQYF,1
KLMNIQQQL,CASSYNSMNTEAFF,1
KLMNIQQQL,CASGDLSYEQYF,1
LLFGMPPCL,CASSLPPADMRDTQYF,1
LLFGMPPCL,CASSWGSSPAETQYF,1
LLFGMPPCL,CASSIAPGNEQYF,1
LLFGMPPCL,CASSLIQGAVDTQYF,1
LLFGMPPCL,CASSYSGAEQYF,1
LLFGMPPCL,CASSFGPVEQYF,1
LLFGMPPCL,CASDSGSGQPQHF,1
LLFGMPPCL,CASSLTGSEQYF,1
LLFGMPPCL,CASSPDPYEQYF,1
KLNTITPVV,CASMRPTSYEQYF,1
KLNTITPVV,CASSLETGGWETQYF,1
KLNTITPVV,CSDGTGDGYTF,1
KLNTITPVV,CSVEAGGVSEAFF,1
KLNTITPVV,CASSPTSGGYEQYF,1
KLNTITPVV,CASSQVPGSYEQYF,1
KLNTITPVV,CASSPAGTDYGYTF,1
KLNTITPVV,CASSEYQEPYNEQFF,1
KLNTITPVV,CASSFSVWDSNQPQHF,1
YLEPGPVTA,CASSIGGPYEQYF,1
YLEPGPVTA,CASSLGSSYEQYF,1
YLEPGPVTA,CASSLGRYNEQFF,1
YLEPGPVTA,CASSFIGGTDTQYF,1
YLEPGPVTA,ASSFIGGTDTQY,1
YLEPGPVTA,ASSIGGPYEQYFG,1
YLEPGPVTA,CASSWAPHYEQYF,1
YLEPGPVTA,CASSLAYSYEQYF,1
YLEPGPVTA,ASSFIGGTDTQYFG,1
VLFHRAFLV,CASSPLGLAEQETQYF,1
VLFHRAFLV,CATSRPTDWVETQYF,1
VLFHRAFLV,CASREGTEAIDTEAFF,1
VLFHRAFLV,CASSEGWVDTQYF,1
VLFHRAFLV,CASSSPGQGYYEQYF,1
VLFHRAFLV,CASSDGRADTQYF,1
VLFHRAFLV,CSARWDRVSSSTDTQYF,1
VLFHRAFLV,CASSLGAGSYEQYF,1
VLFHRAFLV,CSVGGGEGNYEQYF,1
ALSPVIPLI,CASSGAAGTSAYNEQFF,1
ALSPVIPLI,CASSQGPPGSGGGNEQFF,1
ALSPVIPLI,CASSVETGGLDTQYF,1
ALSPVIPLI,CAISETGGGQPQHF,1
ALSPVIPLI,CASYPISRASYEQYF,1
ALSPVIPLI,CASSGQGAYITDTQYF,1
ALSPVIPLI,CASSYSSDRSSYEQYF,1
ALSPVIPLI,CASSLGTLNEQFF,1
ALSPVIPLI,CSATCNGTFLYQETQYF,1
LLLGIGILV,CASSQGPFREEAFF,1
LLLGIGILV,CATSDLSQGVDTQYF,1
LLLGIGILV,CASSQGQLNTGELFF,1
LLLGIGILV,CASSPTSIANTGELFF,1
LLLGIGILV,CASSVGRFVGPYEKLFF,1
LLLGIGILV,CSGGQGDGYTF,1
LLLGIGILV,CASRPDFTGEQYF,1
LLLGIGILV,CASSTASYEQYF,1
LLLGIGILV,CASGGTGATYSNQPQHF,1
QASQEVKNW,CASSLGYGYTF,1
QASQEVKNW,CASGTKYYGYTF,1
QASQEVKNW,CASTQGRGGSGYTF,1
QASQEVKNW,CASSKGRYNEQF,1
QASQEVKNW,CATSEAANTGELFF,1
QASQEVKNW,CASSKGRYNEQFF,1
QASQEVKNW,CASSSQGYGRAQHF,1
QASQEVKNW,CASRTQRWETQYF,1
QASQEVKNW,CASSQGPGERAGFNYEQYF,1
YPLHEQHGM,CASSQGALTGQPQHF,1
YPLHEQHGM,CASSIQDSLYNEQFF,1
YPLHEQHGM,CASSELTGGPYEQYF,1
YPLHEQHGM,CASSLRTTNEKLFF,1
YPLHEQHGM,CASSFSPTAQGLEQYF,1
YPLHEQHGM,CSAPEVRGVWGYTF,1
YPLHEQHGM,CASSVELGSGRETQYF,1
YPLHEQHGM,CASSLASSGYTGELFF,1
YPLHEQHGM,CASSLRTLDGYTF,1
TQGYFPDWQNY,CAISECAIRGTSGLTDTQYF,1
TQGYFPDWQNY,CASSQAEGGQNHF,1
TQGYFPDWQNY,CASSQAAGGRAF,1
TQGYFPDWQNY,CASSQAAGGRAFF,1
TQGYFPDWQNY,CAISERAIRGTSGLTDTQYF,1
TQGYFPDWQNY,CASSQAAGGRAIF,1
TQGYFPDWQNY,CASSLAPGGIAF,1
TQGYFPDWQNY,CAISERAIRGTSGLTDTQYLF,1
TQGYFPDWQNY,CAISERAIRGTSGLTDTQYL,1
KLLEIAPNC,CASSDTPDLNTEAFF,1
KLLEIAPNC,CASSILGASNQPQHF,1
KLLEIAPNC,CASSIIAGSSYNEQFF,1
KLLEIAPNC,CASRGQNTGELFF,1
KLLEIAPNC,CASRSQNYYGYTF,1
KLLEIAPNC,CASSVLNTGELFF,1
KLLEIAPNC,CAISARDQNTGELFF,1
KLLEIAPNC,CASSSGNPSTDTQYF,1
KLLEIAPNC,CAIRQFDANTGELFF,1
SLLMWITQV,CASSWDRVLYEQYF,1
SLLMWITQV,CATSDYTSDTQYF,1
SLLMWITQV,CSVGGSGGADTQYF,1
SLLMWITQV,ASSYVGNTGELF,1
SLLMWITQV,CASSLANSYNEQFF,1
SLLMWITQV,CASSYVGNTGELFF,1
SLLMWITQV,CASSGAGQENNSPLHF,1
SLLMWITQV,CASSSPGGVSTEAFF,1
RLVPYLEFL,CSARSEKSGANVLTF,1
RLVPYLEFL,CASYVGLNTEAFF,1
RLVPYLEFL,CASSLKTDSTPLQETQYF,1
RLVPYLEFL,CSVEEWDTSGNTIYF,1
RLVPYLEFL,CASSVQSTDTQYF,1
RLVPYLEFL,CASSYGLEQYF,1
RLVPYLEFL,CASSLISEATGLEAFF,1
RLVPYLEFL,CASSQGWGVETQYF,1
VLNYFKPYL,CASSLLGQSTNEKLFF,1
VLNYFKPYL,CSASSPDREADGYTF,1
VLNYFKPYL,CASSLIDSPYEQYF,1
VLNYFKPYL,CASSRIANNNNEQFF,1
VLNYFKPYL,CASSLGTSSTDTQYF,1
VLNYFKPYL,CASSWGGYTF,1
VLNYFKPYL,CASRGGGGFYEQYF,1
VLNYFKPYL,CASSIAVSLAKNIQYF,1
ALYGSVPVL,CASSQDGVQHF,1
ALYGSVPVL,CASSDWGGETQYF,1
ALYGSVPVL,CASSQGGGGTDTQYF,1
ALYGSVPVL,CSWDFQETQYF,1
ALYGSVPVL,CSVPEGNTGELFF,1
ALYGSVPVL,CASSYSSGTEAFF,1
ALYGSVPVL,CASSQGSGANVLTF,1
ALYGSVPVL,CASSPGTSYEQYF,1
LLFGMTPCL,CASSQDQNTEAFF,1
LLFGMTPCL,CASSSLGDSYEQYF,1
LLFGMTPCL,CASSPSPGSEQYF,1
LLFGMTPCL,CASSLGGPGAFF,1
LLFGMTPCL,CASSNLGGTDTQYF,1
LLFGMTPCL,CASSQDWGNEQFF,1
LLFGMTPCL,CASSLGAEQYF,1
LLFGMTPCL,CASSPDPYEQYF,1
AAGIGILTV,AWSETGLGTGELF,1
AAGIGILTV,CAISEVGVGQPQHF,1
AAGIGILTV,AISEVGVGQPQH,1
AAGIGILTV,ASSLSFGTEAF,1
AAGIGILTV,CASSLSFGTEAFF,1
AAGIGILTV,CASSWSFGTEAFF,1
AAGIGILTV,CAWSETGLGTGELFF,1
AAGIGILTV,ASSWSFGTEAF,1
LPEPLPQGQLTAY,ASSRTGSTYEQY,1
LPEPLPQGQLTAY,CASSIGTGGSQPQHF,1
LPEPLPQGQLTAY,CASSKLGTSEETQYF,1
LPEPLPQGQLTAY,ASPGETEAF,1
LPEPLPQGQLTAY,ASPGLAGEYEQY,1
LPEPLPQGQLTAY,CASPGLAGEYEQYF,1
LPEPLPQGQLTAY,CASSRTGSTYEQYF,1
LPEPLPQGQLTAY,CASPGETEAFF,1
ILNVDVFTL,CASSLGQGWETQYF,1
ILNVDVFTL,CASSSQGGAKNEQYF,1
ILNVDVFTL,CSVRLTDYNEQFF,1
ILNVDVFTL,CASSLGPMEENIQYF,1
ILNVDVFTL,CASSIFTRRGYEQYF,1
ILNVDVFTL,CASRMGSTAFF,1
ILNVDVFTL,CAWSVSVYYGYTF,1
ILNVDVFTL,CSARTWTGNTIYF,1
ALTPVVVTL,CASSIGQGPYEQYF,1
ALTPVVVTL,CASSAQGFGELFF,1
ALTPVVVTL,CASSLGQKEQYF,1
ALTPVVVTL,CASSAQGFGELF,1
ALTPVVVTL,CASSSGGGNEQFF,1
ALTPVVVTL,CASSLGGRRYEQYF,1
ALTPVVVTL,CASRMNTEAF,1
ALTPVVVTL,CASSEGRETQYF,1
GCQEICPAC,CASSDTPDLNTEAFF,1
GCQEICPAC,CASSILGASNQPQHF,1
GCQEICPAC,CASSIIAGSSYNEQFF,1
GCQEICPAC,CASRGQNTGELFF,1
GCQEICPAC,CASRSQNYYGYTF,1
GCQEICPAC,CASSVLNTGELFF,1
GCQEICPAC,CASSSGNPSTDTQYF,1
GCQEICPAC,CAIRQFDANTGELFF,1
RTMEVCYNT,CASSDTPDLNTEAFF,1
RTMEVCYNT,CASSILGASNQPQHF,1
RTMEVCYNT,CASSIIAGSSYNEQFF,1
RTMEVCYNT,CASRGQNTGELFF,1
RTMEVCYNT,CASRSQNYYGYTF,1
RTMEVCYNT,CASSVLNTGELFF,1
RTMEVCYNT,CAISARDQNTGELFF,1
RTMEVCYNT,CAIRQFDANTGELFF,1
KVKEVCPNV,CASSDTPDLNTEAFF,1
KVKEVCPNV,CASSILGASNQPQHF,1
KVKEVCPNV,CASSIIAGSSYNEQFF,1
KVKEVCPNV,CASRGQNTGELFF,1
KVKEVCPNV,CASRSQNYYGYTF,1
KVKEVCPNV,CASSVLNTGELFF,1
KVKEVCPNV,CAISARDQNTGELFF,1
KVKEVCPNV,CAIRQFDANTGELFF,1
CFVECAPVC,CASSDTPDLNTEAFF,1
CFVECAPVC,CASSILGASNQPQHF,1
CFVECAPVC,CASSIIAGSSYNEQFF,1
CFVECAPVC,CASRGQNTGELFF,1
CFVECAPVC,CASRSQNYYGYTF,1
CFVECAPVC,CASSVLNTGELFF,1
CFVECAPVC,CASSSGNPSTDTQYF,1
CFVECAPVC,CAIRQFDANTGELFF,1
YLLEMLWRL,CASSEDTGELFF,1
YLLEMLWRL,CASSWGDYNEQFF,1
YLLEMLWRL,CASSPSGSGNEQFF,1
YLLEMLWRL,CASSSHLGSWGTEAFF,1
YLLEMLWRL,CASSVGGVSPLHF,1
YLLEMLWRL,CASSLDQDTFLGVVTGELFF,1
YLLEMLWRL,CSANGGDTEAFF,1
YLLEMLWRL,CAISEGVWTYEQYF,1
ILKEPVHGV,CASSYEWGGLPKNIQYF,1
ILKEPVHGV,CAISEDGGETQYF,1
ILKEPVHGV,CSARQYRTDMNTEAFF,1
ILKEPVHGV,CASSFGGDEQHF,1
ILKEPVHGV,CASSQEDSWGDTQYF,1
ILKEPVHGV,CASRLVGIGNSPLHF,1
ILKEPVHGV,CSVEVGAGETQYF,1
LLAILTYYV,CASSPTGTGGSDTQYF,1
LLAILTYYV,CASSWVGGADTQYF,1
LLAILTYYV,CASTVRQGSNQPQHF,1
LLAILTYYV,CASSLVRDRHTEAFF,1
LLAILTYYV,CSASFHNGFWGGTEAFF,1
LLAILTYYV,CASSEVEGPGELFF,1
LLAILTYYV,CASSQAGEQYF,1
RLARLALVL,CASSELPAGGTNEQFF,1
RLARLALVL,CASSFFSNTGELFF,1
RLARLALVL,CASSPQGDNEQFF,1
RLARLALVL,CASSYMGPEAFF,1
RLARLALVL,CASSQVSGYEQYF,1
RLARLALVL,CASMDLAFKQYF,1
RLARLALVL,CASSFLTDTQYF,1
APRGPHGGAASGL,CASSGGHTGSNEQFF,1
APRGPHGGAASGL,CASSSSYSNQPQHF,1
APRGPHGGAASGL,CASSQRQEGDTQYF,1
APRGPHGGAASGL,ASSGGHTGSNEQF,1
APRGPHGGAASGL,CAILGQGYGYTF,1
APRGPHGGAASGL,CASQTFSPGQTQF,1
APRGPHGGAASGL,ASSQRQEGDTQY,1
KVLEYVIKV,CASSLEPTANQPQHF,1
KVLEYVIKV,CSVAGTTGYEQYF,1
KVLEYVIKV,CASSQYGNQPQHF,1
KVLEYVIKV,CASSSGQGATNEKLFF,1
KVLEYVIKV,CASSLYQETQYF,1
KVLEYVIKV,CASSLGILGGSLEPQHF,1
KVLEYVIKV,CASRLSGSAYEQYF,1
CFLLILPNC,CASSDTPDLNTEAFF,1
CFLLILPNC,CASSILGASNQPQHF,1
CFLLILPNC,CASRGQNTGELFF,1
CFLLILPNC,CASRSQNYYGYTF,1
CFLLILPNC,CASSVLNTGELFF,1
CFLLILPNC,CAISARDQNTGELFF,1
CFLLILPNC,CAIRQFDANTGELFF,1
VLNPFIYML,CSARGAFHEQYF,1
VLNPFIYML,CASSPGTISYEQYF,1
VLNPFIYML,CASSQDLNEQYF,1
VLNPFIYML,CASRDAVNSYEQYF,1
VLNPFIYML,CATSKTADRSPYEQYF,1
VLNPFIYML,CASSQEGRQGSYNEQFF,1
LLFALHFSA,CASSQDWAASNSPLHF,1
LLFALHFSA,CASSFGSGNTIYF,1
LLFALHFSA,CASSLDGPTQYF,1
LLFALHFSA,CASSLGQGTYEQYF,1
LLFALHFSA,CASSEVEGPGELFF,1
LLFALHFSA,CATSGTGGTGELFF,1
LIIPFIHLI,CASSGSSVETQYF,1
LIIPFIHLI,CSVPSYNEQFF,1
LIIPFIHLI,CASREGLEDTEAFF,1
LIIPFIHLI,CASTATFGVTEAFF,1
LIIPFIHLI,CASSGGGGRGYNEQFF,1
LIIPFIHLI,CASSGGGAGNEQFF,1
GMGPLLATV,CASSMAGSSYEQYF,1
GMGPLLATV,CASSVDRVADTQYF,1
GMGPLLATV,CASSFGPDEQYF,1
GMGPLLATV,CASRSRGGHSPLHF,1
GMGPLLATV,CASSLRGEKNNYGYTF,1
GMGPLLATV,CAISELDWGVSSPLHF,1
FMIGYTSAL,CASSFGSGNTIYF,1
FMIGYTSAL,CASSSDSQETQYF,1
FMIGYTSAL,CASGGTGEYEQYF,1
FMIGYTSAL,CSARDRSGIDTQYF,1
FMIGYTSAL,CASSAGGNTIYF,1
FMIGYTSAL,CSVDLGTEETQYF,1
MIISHLYLI,CSVELTTYEQYF,1
MIISHLYLI,CASREQGMNTEAFF,1
MIISHLYLI,CSASVSGGPLDTQYF,1
MIISHLYLI,CASSEFTRSYEQYF,1
MIISHLYLI,CASRPRQVETQYF,1
MIISHLYLI,CASSSGGAWYTF,1
YVLTWIVGA,CASSPHSGGDPRNEQFF,1
YVLTWIVGA,CASSLSPGYTEAFF,1
YVLTWIVGA,CASSHETGELFF,1
YVLTWIVGA,CASSESGAAYTGELFF,1
YVLTWIVGA,CASSVGNTEAFF,1
YVLTWIVGA,CASLEAGGETQYF,1
VMPFSIVYI,CASSYQTGPYSNQPQHF,1
VMPFSIVYI,CASSYNQGPYDNNEQFF,1
VMPFSIVYI,CASSLVAGPYSQETQYF,1
VMPFSIVYI,CATSPSLGTQYF,1
VMPFSIVYI,CASSSQTGPYSNQPQHF,1
VMPFSIVYI,CARTGAGGNTIYF,1
KLFEFLVYGV,CASSQGALGYTF,1
KLFEFLVYGV,CASSLYRGGDTQYF,1
KLFEFLVYGV,CATRDSQSSYEQYF,1
KLFEFLVYGV,CASTPGGYEQYF,1
KLFEFLVYGV,CASSQGYEQYF,1
KLFEFLVYGV,CASSLGDPNTEAFF,1
KLMNIQQKL,CASTDTGELFF,1
KLMNIQQKL,CAWSAGGTGELFF,1
KLMNIQQKL,CAWSVSGNTEAFF,1
KLMNIQQKL,CASSYNSMNTEAFF,1
KLMNIQQKL,CAWMGSYNEQFF,1
KLMNIQQKL,CAWSGYSYEQYF,1
RMFPNAPYL,CASSTQVGYEQYF,1
RMFPNAPYL,CASSLGFGGREAYEQYF,1
RMFPNAPYL,CASSLYTDTQYF,1
RMFPNAPYL,CAWGTLATEQYF,1
RMFPNAPYL,CASSLGQGVAEQYF,1
RMFPNAPYL,CASSWWDTGELFF,1
LLAGTLAGV,CASSEKPDTQYF,1
LLAGTLAGV,CASSTNRGTLGEQYF,1
LLAGTLAGV,CASSADRTQNYGYTF,1
LLAGTLAGV,CASSPGQAEPQHF,1
LLAGTLAGV,CANGQGDYEQYF,1
LLAGTLAGV,CSATLDRNYGYTF,1
SLLWMNPFV,CASSLYGELYYGYTF,1
SLLWMNPFV,CASSQNPGQGIYSPLHF,1
SLLWMNPFV,CASSYARGYNEQFF,1
SLLWMNPFV,CASSSETNWGTGGNQPQHF,1
SLLWMNPFV,CASSQGQGLQETQYF,1
SLLWMNPFV,CSALTGLGNYGYTF,1
LLAILPYYV,CASSITFSDTQYF,1
LLAILPYYV,CSARVRGDHNEQFF,1
LLAILPYYV,CASSSPSQGITGELFF,1
LLAILPYYV,CSARDPTSGGATGELFF,1
LLAILPYYV,CASSLSIIDPRYF,1
LLAILPYYV,CASSLTGATDTQYF,1
RLRPGGRKR,CASSPGWGLDQPQHF,1
RLRPGGRKR,CASSDTLNTEAFF,1
RLRPGGRKR,CATSDDGTPNNEQFF,1
RLRPGGRKR,CASRDSSYEQYF,1
RLRPGGRKR,CASSPLGGLGNEQFF,1
RLRPGGRKR,CASSLGWGLDQPQHF,1
RAFSPEVIPMF,CASMGLAQETQYF,1
RAFSPEVIPMF,CASSGFRDRVNEQYF,1
RAFSPEVIPMF,CASSQGVTTGGFLNYGYTF,1
RAFSPEVIPMF,CASTDTGYYGYTF,1
RAFSPEVIPMF,CASTDTGDYGYTF,1
RAFSPEVIPMF,CASRGGSGELF,1
ILNAMITKI,CASSYSDAGGYYEQYF,1
ILNAMITKI,CASSGPRGYTF,1
ILNAMITKI,CAIQGFSGPLHF,1
ILNAMITKI,CASSLGPNSPLHF,1
ILNAMITKI,CASSSGGAWYTF,1
VMPFSIVYIV,CASNREVSTDTQYF,1
VMPFSIVYIV,CASSSDRGEQFF,1
VMPFSIVYIV,CASSQGTSRDRNQPQHF,1
VMPFSIVYIV,CASSIAVSLAKNIQYF,1
VMPFSIVYIV,CASRRQATNEKLFF,1
LLSLFSLWL,CASSYSENEQFF,1
LLSLFSLWL,CASSLERLRVYSGYTF,1
LLSLFSLWL,CASSALAGGQADTQYF,1
LLSLFSLWL,CASRGPYHNEQFF,1
LLSLFSLWL,CATSDSTGSYGYTF,1
LLFALYFSA,CASSEVEGPGELFF,1
LLFALYFSA,CARGSGGETQYF,1
LLFALYFSA,CASSLGQGTYEQYF,1
LLFALYFSA,CASSQDWAASNSPLHF,1
LLFALYFSA,CATSGTGGTGELFF,1
SLLWMNLFV,CSAHRAGTSGADYNEQFF,1
SLLWMNLFV,CASSIRVSGANVLTF,1
SLLWMNLFV,CASSYGGSSYEQYF,1
SLLWMNLFV,CASSPYGNTIYF,1
SLLWMNLFV,CATSFSRMANEKLFF,1
GADGVGKSAL,CASSLGRASNQPQHF,1
GADGVGKSAL,CASSDPGTEAFF,1
GADGVGKSAL,CASSLGQTNYGYTF,1
GADGVGKSAL,CASSFGQSSTYGYTF,1
GADGVGKSAL,CASSLGEGRVDGYTF,1
SLFWNEPAI,CASSLGPGSYGYTF,1
SLFWNEPAI,CASSPDRSGQFF,1
SLFWNEPAI,CASSFQGNTGELFF,1
SLFWNEPAI,CASSPFQGAIEQYF,1
SLFWNEPAI,CASSRGGMSGELFF,1
GLTSFFIAI,CASTKTGLGDQPQHF,1
GLTSFFIAI,CASSAGDTEAFF,1
GLTSFFIAI,CASKSNTEAFF,1
GLTSFFIAI,CASSPRTGFSSGNTIYF,1
GLTSFFIAI,CASSTGQGGDTQYF,1
FLTYLDVSV,CASSVGTGYEQYF,1
FLTYLDVSV,CASSFGANTGELFF,1
FLTYLDVSV,CASSLWGQGWTGELFF,1
FLTYLDVSV,CASSVESGEQYF,1
FLTYLDVSV,CASNSGGAYNEQFF,1
KIVALGINAV,CASGSVPEQYF,1
KIVALGINAV,CSATEGSGYTF,1
KIVALGINAV,CASSIGLNQPQHF,1
KIVALGINAV,CASSFLGTGLNEQYF,1
KIVALGINAV,CASSFPPAGTGELFF,1
ALDPHSGHFV,CASSQNYEQYF,1
ALDPHSGHFV,CASSYSWGAGYEQYF,1
ALDPHSGHFV,CASSVVAGFNEQFF,1
ALDPHSGHFV,CSAGTGELFF,1
ALDPHSGHFV,CASTPTGAYEQYF,1
LLAGTLAVV,CASSEKPDTQYF,1
LLAGTLAVV,CASSPGQAEPQHF,1
LLAGTLAVV,CASSLDLAGGFYEQYF,1
LLAGTLAVV,CANGQGDYEQYF,1
LLAGTLAVV,CSATLDRNYGYTF,1
SLPITVYYA,CASSLPAGVGDTQYF,1
SLPITVYYA,CASSEVRGPWAETQYF,1
SLPITVYYA,CSARDLGLHQPQHF,1
SLPITVYYA,CATSVGSGPLSTDTQYF,1
SLPITVYYA,CASSLGDWDLEAFF,1
ELKRKMIYM,CASVTGSTDTQYF,1
ELKRKMIYM,CASSDGTAYEQYF,1
ELKRKMIYM,CASSLLMATNEKLFF,1
ELKRKMIYM,CASSQAVASGGGRSEQFF,1
ELKRKMIYM,CASSYRANYEQYF,1
NDMLVCANI,CASSIIAGSSYNEQFF,1
NDMLVCANI,CASRGQNTGELFF,1
NDMLVCANI,CASSVLNTGELFF,1
NDMLVCANI,CAISARDQNTGELFF,1
NDMLVCANI,CAIRQFDANTGELFF,1
LVLEVDPNI,CASSILGASNQPQHF,1
LVLEVDPNI,CASSIIAGSSYNEQFF,1
LVLEVDPNI,CASRGQNTGELFF,1
LVLEVDPNI,CASSVLNTGELFF,1
LVLEVDPNI,CAIRQFDANTGELFF,1
YLNDHLEPWI,CASSQASGGSTNTGELFF,1
YLNDHLEPWI,CSVEVAGHDEQYF,1
YLNDHLEPWI,CASSLGEGGGYGYTF,1
YLNDHLEPWI,CAISSDSGDEQFF,1
YLNDHLEPWI,CASSLDLSGGITDTQYF,1
QPRAPIRPI,CASSYSISGYEQYF,1
QPRAPIRPI,CAISESVNTEAFF,1
QPRAPIRPI,CASSPDDTEAFF,1
QPRAPIRPI,CSATTLVDSYNEQFF,1
QPRAPIRPI,CASSGQGVVETQYF,1
